event_name,round,match,team,yt_channel,timestamp,author_name,text,sentiment
Seoul,1,2,QUICK STYLE,idl.global,0:39:26,@frannymalzar,its so underwhelming compared to their other ones:pensive_face::pensive_face::pensive_face::pensive_face:,Negative
Seoul,1,3,1MILLION,idl.global,0:56:38,@kunsyaman,UNA RAW ANG SHEIN #NOTOFASTFASHION,Negative
Seoul,2,1,BROTHERHOOD,idl.global,1:33:27,@tobioweb5500,LETS GOOOOOOOOOO,Positive
Seoul,1,1,GRV,idl.global,0:15:47,@ninoarieldiocampo3939,awh,Neutral
Seoul,2,1,1MILLION,idl.global,1:39:15,@acotek56,this is asome,Positive
Seoul,2,1,BROTHERHOOD,idl.global,1:33:44,@claveriapauliversono.494,DISSING THE COUNTRY OMG,Positive
Seoul,2,1,1MILLION,idl.global,1:39:58,@justinguiniling4675,mid,Negative
Seoul,1,3,1MILLION,idl.global,0:56:40,@parkjihou,HOY MGA TAGA PILIPINS VOTE WISELY GUYS BAKA PATI BA NAMAN DITO IVOVOTE NIYO YUNG ANO HA,Neutral
Seoul,1,2,QUICK STYLE,idl.global,0:39:28,@hotfudgesundae879,it felt repetitive,Negative
Seoul,1,2,QUICK STYLE,idl.global,0:40:50,@loraileys,oooo,Positive
Seoul,1,2,BROTHERHOOD,idl.global,0:37:10,@taynguyener,BEAT EM IP,Positive
Seoul,1,1,GRV,idl.global,0:15:11,@connellyzdiaz4529,RFFFFFFFFF,Neutral
Seoul,2,1,BROTHERHOOD,idl.global,1:34:19,@Tepaneyy,fireeeeeeeeeeeeeeeeeeeeeeeeeee,Positive
Seoul,2,1,ROYAL FAMILY,idl.global,1:31:26,@AnaPopescu-x1y,all these groups atee,Positive
Seoul,1,2,QUICK STYLE,idl.global,0:42:22,@dafi-quakc,okay ima start casting my vote,Neutral
Seoul,1,3,JAM REPUBLIC,idl.global,0:59:50,@HoshiOkiro,BAWI JAM REPUBBB,Positive
Seoul,1,1,GRV,idl.global,0:15:37,@heekiluna6050,aray mo,Neutral
Seoul,1,2,QUICK STYLE,idl.global,0:40:29,@AnaSalgado-n1l,no I’m bored too,Negative
Seoul,2,1,1MILLION,idl.global,1:38:46,@nevieluvs,BH god it,Negative
Seoul,1,1,GRV,idl.global,0:14:09,@ririsgonewild,YEAHH GRVV,Positive
Seoul,1,2,BROTHERHOOD,idl.global,0:36:45,@academicsfirst,DAYTON,Positive
Seoul,2,1,ROYAL FAMILY,idl.global,1:31:00,@RubyCrystal-u1y,if it stop it's sus,Neutral
Seoul,2,1,1MILLION,idl.global,1:39:24,@RubyCrystal-u1y,ok 3rd PLACE,Neutral
Seoul,2,1,ROYAL FAMILY,idl.global,1:31:48,@malennamae,Fiiiiiire,Positive
Seoul,2,1,1MILLION,idl.global,1:38:23,@ellieanagnostou7545,GOOOOO BROTHERHOODD,Neutral
Seoul,1,3,JAM REPUBLIC,idl.global,1:01:46,@vahnyk,DISSS,Positive
Sydney,1,1,JAM REPUBLIC,steezystudio,0:25:38,@hewwoderek3318,LET THE GAMES BEGIN,Neutral
Seoul,1,2,QUICK STYLE,idl.global,0:41:09,@guuuu7j7654,Boring,Negative
Seoul,1,3,JAM REPUBLIC,idl.global,0:59:54,@eljhanzu,BROTHERHOOD ON TOPBROTHERHOOD ON TOPBROTHERHOOD ON TOPBROTHERHOOD ON TOPBROTHERHOOD ON TOPBROTHERHOOD ON TOPBROTHERHOOD ON TOPBROTHERHOOD ON TOPBROTHERHOOD ON TOPBROTHERHOOD ON TOPBROTHERHOOD ON TOP,Neutral
Seoul,1,3,1MILLION,idl.global,0:57:32,@UwU-on8kq,STAGINGGGG,Positive
Seoul,2,1,BROTHERHOOD,idl.global,1:33:53,@nishimurr0,LOL,Positive
Seoul,1,2,BROTHERHOOD,idl.global,0:38:17,@heinzfel,ADRIANNN,Positive
Seoul,2,1,1MILLION,idl.global,1:38:15,@ellieanagnostou7545,GOOOOO BROTHERHOODD,Neutral
Seoul,2,1,BROTHERHOOD,idl.global,1:35:49,@Venquizz-d8g,:fire::fire::fire::fire::fire:,Positive
Seoul,1,1,GRV,idl.global,0:16:41,@JeCzar,its still clean tho,Positive
Seoul,2,1,BROTHERHOOD,steezystudio,1:37:43,@ImFeja,The neck rotations with the hats look so good my god,Positive
Seoul,1,3,JAM REPUBLIC,idl.global,1:00:19,@crispy5104,again??????,Negative
Seoul,1,1,GRV,idl.global,0:14:51,@Reiddddddddd,hype rhe room up guys,Neutral
Seoul,2,1,BROTHERHOOD,idl.global,1:33:42,@medic_dubs,HELLO OPENING???,Positive
Seoul,2,1,1MILLION,steezystudio,1:43:05,@ramoskim1032,When is brotherhood guys?,Neutral
Seoul,2,1,1MILLION,idl.global,1:39:58,@Mavisymra,VOTE BROTHERHOOD!,Neutral
Seoul,2,1,BROTHERHOOD,idl.global,1:33:57,@shelleybutler-tx5hn,YOOOOO,Positive
Seoul,1,3,JAM REPUBLIC,idl.global,1:00:58,@gabbykristine5461,even the stream couldnt handle the same song for the third time LAWLL,Neutral
Seoul,2,1,BROTHERHOOD,idl.global,1:34:46,@harrybui1264,Okayyyyyyy,Positive
Seoul,2,1,1MILLION,steezystudio,1:42:52,@rhiazze,bh is done,Positive
Seoul,2,1,BROTHERHOOD,idl.global,1:34:27,@ellieanagnostou7545,GOOOOO BROTHERHOODD,Positive
Seoul,1,1,ROYAL FAMILY,idl.global,0:20:27,@CANAAN-x,damn,Positive
Seoul,1,2,BROTHERHOOD,idl.global,0:36:12,@Yondamotivs,MOVEIT VS ANGKAS,Neutral
Seoul,1,1,ROYAL FAMILY,idl.global,0:19:37,@kizuumi0420,AYEEEEE,Positive
Seoul,2,1,BROTHERHOOD,steezystudio,1:36:50,@KurtKydae,saja boysssss,Positive
Seoul,2,1,1MILLION,idl.global,1:39:57,@vmese,they won,Positive
Seoul,1,1,ROYAL FAMILY,idl.global,0:20:03,@ikeeee_0,FIREEEE,Positive
Seoul,1,3,1MILLION,idl.global,0:56:58,@Jwhops,GG GUYSSS,Positive
Seoul,2,1,BROTHERHOOD,idl.global,1:33:33,@ellieanagnostou7545,OH MYYYYY,Positive
Seoul,1,3,JAM REPUBLIC,idl.global,1:00:07,@JulianLadlad-q1h,WHAT,Neutral
Seoul,2,1,1MILLION,idl.global,1:39:19,@ifskate420,oh,Neutral
Seoul,1,2,QUICK STYLE,idl.global,0:40:27,@mathyunghyunsukieee3957,still Brotherhood,Negative
Seoul,2,1,ROYAL FAMILY,steezystudio,1:34:40,@ellianeblondeau,yaaaas,Positive
Seoul,1,1,ROYAL FAMILY,idl.global,0:20:41,@terrencegustilo9591,Royal Family ate!!,Positive
Seoul,1,3,JAM REPUBLIC,idl.global,0:59:43,@double_roses,BIASED CROWED THOUGH,Neutral
Seoul,1,3,JAM REPUBLIC,idl.global,0:59:59,@harrybui1264,JR better picks a good song,Neutral
Seoul,1,2,BROTHERHOOD,idl.global,0:36:57,@ririsgonewild,HUMUZAA,Positive
Seoul,1,3,JAM REPUBLIC,steezystudio,1:04:11,@lauren_yy,BYEEEEEE,Neutral
Seoul,1,2,QUICK STYLE,idl.global,0:41:55,@babyinbabyblue.,I’m srry but honestly brotherhood is taking it,Negative
Seoul,1,1,ROYAL FAMILY,idl.global,0:19:33,@MJH977,hmmm idk,Negative
Seoul,1,2,BROTHERHOOD,idl.global,0:36:03,@takeyyshi,SHETT,Neutral
Seoul,2,1,ROYAL FAMILY,idl.global,1:30:53,@RubyCrystal-u1y,if it stop it's sus,Neutral
Seoul,1,2,QUICK STYLE,idl.global,0:40:39,@takeyyshi,BRHD STILL CLEAN AFFF,Neutral
Seoul,1,1,GRV,idl.global,0:16:53,@RubyCrystal-u1y,ohhhhh,Neutral
Seoul,1,2,QUICK STYLE,idl.global,0:40:51,@aliahm.6726,ngl QS won already,Positive
Seoul,2,1,BROTHERHOOD,idl.global,1:33:40,@davemelano9631,kinjaz???,Neutral
Seoul,2,1,BROTHERHOOD,idl.global,1:33:20,@kenjifd,DAMNNN HAHAHAHAHAHAHAHAH,Positive
Seoul,2,1,BROTHERHOOD,idl.global,1:35:33,@takeyyshi,OH,Neutral
Seoul,1,2,QUICK STYLE,idl.global,0:39:38,@princesimbulan5074,not bad but not good,Negative
Seoul,1,3,1MILLION,idl.global,0:57:39,@eljhanzu,BROTHERHOOD ON TOPBROTHERHOOD ON TOPBROTHERHOOD ON TOPBROTHERHOOD ON TOPBROTHERHOOD ON TOPBROTHERHOOD ON TOPBROTHERHOOD ON TOPBROTHERHOOD ON TOPBROTHERHOOD ON TOPBROTHERHOOD ON TOPBROTHERHOOD ON TOP,Neutral
Seoul,2,1,BROTHERHOOD,idl.global,1:34:37,@toshq_q,SO CLEAN,Positive
Seoul,1,3,1MILLION,idl.global,0:56:04,@Oyasumi1234,1 MIL LEGGOOOOO,Positive
Seoul,2,1,1MILLION,idl.global,1:39:08,@RafaelWFH,IF 1M WON ITS COOK,Negative
Seoul,2,1,ROYAL FAMILY,steezystudio,1:34:37,@kavoooo1,yeahh this is too good they are going to win,Positive
Seoul,1,3,JAM REPUBLIC,idl.global,1:00:04,@UwU-on8kq,HOLY,Positive
Seoul,1,1,ROYAL FAMILY,idl.global,0:20:54,@vyanzee6,DAMNN,Positive
Seoul,2,1,BROTHERHOOD,idl.global,1:34:51,@firzymahardikalolowang9510,the crowd not thatt loud,Neutral
Seoul,1,3,JAM REPUBLIC,idl.global,1:00:53,@markb4055,Sabotage hahaha,Neutral
Seoul,1,2,QUICK STYLE,idl.global,0:42:18,@isabella-rc7ks,BROTHERHOODD,Neutral
Seoul,1,2,QUICK STYLE,idl.global,0:41:58,@LivingInElysium,Really not feeling this one.,Negative
Seoul,1,3,JAM REPUBLIC,steezystudio,1:05:08,@yshnrys,THEYRE SO MADDD GAHWISBSJNED,Neutral
Sydney,1,2,1MILLION,steezystudio,0:52:11,@yourhope8030,leshh gooooooooooo,Positive
Seoul,2,1,1MILLION,steezystudio,1:43:25,@แมดเธอว์,the wswf moment i CANTTT,Positive
Seoul,1,3,1MILLION,idl.global,0:57:27,@eve4560,I LOVEEE IT,Neutral
Seoul,1,2,BROTHERHOOD,idl.global,0:38:17,@AttillahAlog,weak :((,Negative
Seoul,1,1,ROYAL FAMILY,steezystudio,0:22:29,@elijahidl,Ouuui shiii,Positive
Seoul,1,3,JAM REPUBLIC,idl.global,1:01:50,@hroyhn,holy lag,Negative
Seoul,2,1,1MILLION,idl.global,1:39:25,@fbhthkdxs,songggggggggggggggggggggggg boring,Negative
Seoul,2,1,1MILLION,idl.global,1:38:20,@Sean_S_00,SPIDERMAN,Neutral
Seoul,2,1,1MILLION,steezystudio,1:43:14,@rhiazze,SO GOOD,Positive
Seoul,2,1,1MILLION,idl.global,1:39:04,@avy_guel22,Lakass din,Positive
Seoul,1,1,GRV,idl.global,0:14:07,@Lucian7377,First match,Neutral
Seoul,1,2,QUICK STYLE,idl.global,0:39:38,@bellejeanarpilleda4465,PLEASEE LANGG,Neutral
Seoul,1,2,QUICK STYLE,idl.global,0:39:23,@j.feelinright,SO CLEANNNN BUT NOT SO VIBEY,Negative
Seoul,1,2,QUICK STYLE,idl.global,0:41:15,@Helyum3,brhd wins,Neutral
Seoul,2,1,BROTHERHOOD,idl.global,1:33:52,@hroyhn,AYEEE,Positive
Seoul,1,2,QUICK STYLE,idl.global,0:39:23,@rtyoen7270,Mid,Negative
Seoul,2,1,1MILLION,idl.global,1:39:56,@kikay849,BROTHERHOOOOD,Neutral
Seoul,1,3,JAM REPUBLIC,idl.global,1:01:51,@OreoSISTAHS,SOOHIEEE,Neutral
Seoul,1,3,1MILLION,idl.global,0:58:38,@heinzfel,SO GOOD,Positive
Seoul,1,3,1MILLION,idl.global,0:57:10,@veronica-yw2vo,may. error,Negative
Seoul,1,2,QUICK STYLE,idl.global,0:40:03,@cenamoncenamobuns,OKAYY,Positive
Seoul,1,3,JAM REPUBLIC,idl.global,1:00:52,@TongkanKawayan,LAGGING,Neutral
Seoul,2,1,1MILLION,idl.global,1:39:52,@jj1728,THIS IS CREATIVITYYY!!!!!,Positive
Seoul,1,2,QUICK STYLE,idl.global,0:41:27,@maya92748,SHADEEEEEEE,Positive
Seoul,2,1,BROTHERHOOD,steezystudio,1:37:03,@Yleviathan,HAHAHAHAH Sahood!,Positive
Seoul,1,1,GRV,steezystudio,0:18:19,@hewwoderek3318,YASSSSSSSS GRVVVVVV,Positive
Seoul,1,1,GRV,idl.global,0:14:13,@tn3cniverd187,LETS GOOO,Positive
Seoul,1,3,JAM REPUBLIC,idl.global,1:00:36,@AKAGum00,OKAY JR GET IT???,Positive
Seoul,1,3,1MILLION,idl.global,0:57:22,@patriciadesquitado871,Asa si Gojo,Neutral
Seoul,2,1,1MILLION,idl.global,1:37:48,@noelverzosa8127,straight up favoritism on brhd btw LOLLLLL,Neutral
Seoul,2,1,1MILLION,idl.global,1:39:10,@Not_kassu,HOLYYY,Positive
Seoul,1,3,1MILLION,idl.global,0:57:48,@parkjihou,SHOPPEE TAYO SHOPPEE GUYS TEAM PILIPINS,Neutral
Seoul,1,2,BROTHERHOOD,idl.global,0:35:54,@cenamoncenamobuns,LETSGO,Positive
Seoul,1,2,QUICK STYLE,idl.global,0:41:15,@MeltonLagrimas,pangit hahahaha jokeeee,Negative
Seoul,1,3,1MILLION,idl.global,0:55:59,@LucasPasig,SIKAND,Neutral
Seoul,1,3,1MILLION,idl.global,0:57:38,@joelfgallarde,BASIC!!,Negative
Seoul,1,1,ROYAL FAMILY,idl.global,0:18:30,@Helyum3,OH,Neutral
Seoul,1,2,BROTHERHOOD,idl.global,0:38:28,@aguxtd,wooo,Positive
Seoul,2,1,BROTHERHOOD,idl.global,1:34:04,@F3ATH3RH3ATH3R,TAKEDOWN YOOO,Positive
Seoul,2,1,1MILLION,idl.global,1:37:43,@rynfrrr,SPIDER MAN,Neutral
Seoul,1,3,1MILLION,idl.global,0:58:24,@christiankyleescoto2160,SHOPPEE SHOPPEE SHOPPEE,Neutral
Seoul,1,3,JAM REPUBLIC,idl.global,1:00:47,@taemo_baho,WHAT????,Neutral
Seoul,1,2,BROTHERHOOD,idl.global,0:36:05,@UwU-on8kq,HOLY,Positive
Seoul,2,1,BROTHERHOOD,steezystudio,1:38:39,@InsaniTy-t3z,wtfffff,Negative
Seoul,1,1,ROYAL FAMILY,idl.global,0:20:20,@yowzzz05,WAITTTT,Positive
Seoul,1,1,GRV,idl.global,0:15:30,@connellyzdiaz4529,goodluck,Neutral
Seoul,1,3,JAM REPUBLIC,idl.global,1:00:15,@jnaethan33,this song again?,Negative
Seoul,2,1,ROYAL FAMILY,idl.global,1:30:30,@yofanboiii,:crown::crown::crown::crown::crown::crown::crown::crown:,Positive
Seoul,1,3,1MILLION,idl.global,0:57:25,@melissalin1713,CLEAN SWEEP,Positive
Seoul,1,2,QUICK STYLE,idl.global,0:41:26,@AttillahAlog,weak also,Negative
Seoul,1,3,JAM REPUBLIC,idl.global,1:01:46,@thandeka1379,why was it lagging,Negative
Seoul,1,3,JAM REPUBLIC,idl.global,0:59:42,@markilaset09,JR GALINGAN NYO KAHIT ISANG POINT,Positive
Seoul,1,2,BROTHERHOOD,idl.global,0:37:18,@UwU-on8kq,LIGHTSSSSS,Neutral
Seoul,2,1,BROTHERHOOD,idl.global,1:33:30,@minimeal9353,SAJAHOOD LETS GOOO,Positive
Seoul,2,1,ROYAL FAMILY,idl.global,1:29:36,@DJJD17,:crown::yellow_heart:CROWNS UP:yellow_heart::crown:,Positive
Seoul,1,1,ROYAL FAMILY,idl.global,0:20:33,@enashinoo,GRV COOKED,Neutral
Seoul,2,1,ROYAL FAMILY,idl.global,1:30:03,@hshszzi,smooth,Positive
Seoul,2,1,ROYAL FAMILY,steezystudio,1:33:02,@sunakochan466,They would upload the junior i think,Neutral
Seoul,1,2,QUICK STYLE,idl.global,0:41:47,@joOhners,NO COMMMENTO!,Positive
Seoul,1,3,1MILLION,idl.global,0:56:45,@markilaset09,GAGSTI,Positive
Seoul,1,2,QUICK STYLE,idl.global,0:41:07,@malennamae,Idk they kinda remind me of highschool dance team,Negative
Seoul,1,3,1MILLION,idl.global,0:57:08,@neorrii,SUPPORT PHILIPPINES HA WAG KAYONG ANO,Neutral
Seoul,2,1,1MILLION,idl.global,1:37:58,@victxriah,WFTFFFFFF,Neutral
Seoul,1,1,ROYAL FAMILY,idl.global,0:19:39,@connellyzdiaz4529,RFFFFFFF,Positive
Seoul,2,1,BROTHERHOOD,steezystudio,1:37:59,@irwin-rz2uq,OH THEYRE TAKING IT,Positive
Seoul,1,1,GRV,idl.global,0:14:07,@Bitcxbed,IM EXCITED,Positive
Seoul,2,1,ROYAL FAMILY,steezystudio,1:35:23,@yooo_seoji,formation and spacing really is their strength,Positive
Seoul,2,1,BROTHERHOOD,idl.global,1:33:58,@leviaiki9168,LMAOOOO,Neutral
Seoul,1,1,ROYAL FAMILY,idl.global,0:20:38,@bonkersz0,grv shade,Neutral
Seoul,1,3,JAM REPUBLIC,idl.global,1:00:04,@AKAGum00,ohh....,Neutral
Seoul,2,1,ROYAL FAMILY,idl.global,1:31:38,@harrybui1264,Whatttt,Neutral
Seoul,1,3,1MILLION,idl.global,0:56:45,@CDSBang,LEZGOOOOO,Positive
Seoul,1,3,1MILLION,idl.global,0:56:58,@tealcushion,DAMNNNN,Positive
Seoul,2,1,1MILLION,idl.global,1:38:26,@lourencediana5680,DO WE STILL NEED TO WATCH THIS? BROTHERHOOD ALREADY WON!!,Negative
Seoul,1,3,1MILLION,idl.global,0:58:29,@wavetoearth.02,WAIT I ACTUALLY LOVEEEE,Positive
Seoul,2,1,BROTHERHOOD,idl.global,1:35:19,@penguinixx,LETSSS GOOOOOO,Positive
Seoul,1,3,JAM REPUBLIC,idl.global,0:59:42,@bpinkbit,lia kim is so motherrrr,Positive
Seoul,1,2,QUICK STYLE,idl.global,0:41:20,@vahnyk,boring,Negative
Seoul,2,1,BROTHERHOOD,steezystudio,1:36:55,@jbrevilleza3636,BROOOOO,Positive
Seoul,2,1,BROTHERHOOD,steezystudio,1:36:59,@dvwr,LMAOO SAJA BOYS,Positive
Seoul,2,1,ROYAL FAMILY,idl.global,1:31:33,@Maggie_Yang,omggg,Positive
Seoul,1,3,JAM REPUBLIC,idl.global,1:00:51,@SeanEzra-zv2vf,LAGGGGGG GAGOOOOOOO,Neutral
Seoul,1,1,ROYAL FAMILY,idl.global,0:18:14,@enashinoo,VERY clean but not striking,Negative
Seoul,1,1,ROYAL FAMILY,idl.global,0:18:27,@yourbaddie143,VOTE FOR GRV!!!!!,Neutral
Seoul,2,1,BROTHERHOOD,idl.global,1:35:06,@ReVeLy-ez3qt,SO COOL,Positive
Seoul,1,1,ROYAL FAMILY,idl.global,0:20:38,@putt._puttt,TUFF,Positive
Seoul,1,2,QUICK STYLE,idl.global,0:42:18,@SBH-25,,Neutral
Seoul,2,1,ROYAL FAMILY,idl.global,1:29:42,@DJJD17,wowwwwwwwww,Neutral
Seoul,1,3,JAM REPUBLIC,idl.global,1:00:52,@LucasPasig,NAH RIGGED,Neutral
Seoul,1,2,BROTHERHOOD,idl.global,0:38:03,@kunsyaman,LETS GO KELVINNNN,Positive
Seoul,2,1,BROTHERHOOD,idl.global,1:34:11,@ken-l1p8u,song choice is eh,Negative
Seoul,1,3,1MILLION,idl.global,0:57:53,@CallMeNath-2,Sheeeeeesh thats fire!,Positive
Seoul,1,2,QUICK STYLE,idl.global,0:41:52,@isabella-rc7ks,BROTHERHOODD,Neutral
Seoul,2,1,BROTHERHOOD,idl.global,1:33:46,@yukaaa3212,AHHHH,Neutral
Seoul,1,1,GRV,idl.global,0:16:17,@shiryu1094,umay,Negative
Seoul,2,1,BROTHERHOOD,idl.global,1:35:05,@kunsyaman,better than their first icl,Positive
Seoul,1,1,GRV,idl.global,0:15:47,@lili_blink000,Ayeeee woaahhh,Positive
Seoul,1,2,BROTHERHOOD,idl.global,0:38:06,@frannymalzar,SYNCHRONIZATION BADDIES,Positive
Seoul,1,1,GRV,idl.global,0:15:34,@taynguyener,Oh NO,Neutral
Seoul,1,2,QUICK STYLE,idl.global,0:40:28,@Kyle-108,boring,Negative
Seoul,1,3,1MILLION,steezystudio,0:59:38,@klarzsenpaiii,HOLY,Positive
Seoul,2,1,1MILLION,idl.global,1:39:01,@MotivatedPotatoKnish,this fire,Positive
Seoul,1,2,BROTHERHOOD,idl.global,0:36:16,@joOhners,OKK!!,Positive
Seoul,1,1,GRV,idl.global,0:15:25,@justwavvv,luh bat ganyan yung lighting hahahha,Neutral
Seoul,1,2,BROTHERHOOD,idl.global,0:37:01,@melissalin1713,ELDOOOOOON,Positive
Seoul,1,2,QUICK STYLE,idl.global,0:39:23,@SiyamiKI,oh noo,Neutral
Seoul,1,1,ROYAL FAMILY,idl.global,0:20:45,@Sparklebutterfly14,calling out grvvvv,Positive
Seoul,1,3,JAM REPUBLIC,idl.global,1:00:47,@MJH977,IT LAGGING,Negative
Seoul,1,1,ROYAL FAMILY,idl.global,0:20:02,@Tantadolp,0 7 SWEEEPPPPPP,Positive
Seoul,2,1,BROTHERHOOD,idl.global,1:34:05,@ellieanagnostou7545,GOOOOO BROTHERHOODD,Positive
Seoul,1,2,QUICK STYLE,idl.global,0:39:22,@PowerTheCrew,i feel like they were holding back,Negative
Seoul,2,1,1MILLION,idl.global,1:38:42,@tosenzoe,mid,Negative
Seoul,2,1,1MILLION,idl.global,1:38:07,@ellieanagnostou7545,GOOOOO BROTHERHOODD,Neutral
Seoul,1,2,QUICK STYLE,idl.global,0:41:45,@shelleybutler-tx5hn,Boring,Negative
Seoul,1,3,1MILLION,steezystudio,0:59:22,@JacobLeggett,ouuuuu,Positive
Seoul,2,1,1MILLION,idl.global,1:39:28,@NevereverMindeddd,BROTHERHOOD GONNA WIN,Neutral
Seoul,2,1,BROTHERHOOD,idl.global,1:35:37,@academicsfirst,OMG,Positive
Seoul,2,1,1MILLION,idl.global,1:37:51,@takeyyshi,its giving spiderman,Neutral
Seoul,1,2,BROTHERHOOD,idl.global,0:36:00,@bonkersz0,LETS GOOOO BRHD,Positive
Seoul,1,3,JAM REPUBLIC,idl.global,1:00:59,@74D3N,THE LAGGG,Neutral
Seoul,2,1,1MILLION,idl.global,1:37:44,@LucasPasig,LIKE A SPIDER,Neutral
Seoul,1,3,JAM REPUBLIC,idl.global,1:00:53,@Lucian7377,RIGGEDD,Negative
Seoul,1,1,ROYAL FAMILY,idl.global,0:19:56,@xaroulaspanou,yeahhhh,Positive
Seoul,2,1,ROYAL FAMILY,idl.global,1:32:13,@adrianpaulyadao6190,damn,Neutral
Seoul,1,1,ROYAL FAMILY,idl.global,0:20:05,@Ynasy_Ynasy,nahhh grv>royal fam,Negative
Seoul,1,2,QUICK STYLE,idl.global,0:40:01,@jeio7737,AYE AYE AYE,Positive
Seoul,2,1,ROYAL FAMILY,idl.global,1:31:16,@akaili1088,see the stream doesnt lag,Neutral
Seoul,1,1,GRV,idl.global,0:14:24,@ClydeLacambra,GRV!!!,Positive
Seoul,1,2,QUICK STYLE,idl.global,0:39:46,@Reiddddddddd,L crowd EWWW WTF KOREA,Neutral
Seoul,1,1,ROYAL FAMILY,idl.global,0:18:29,@yowzzz05,RF FIREEEEE,Positive
Seoul,1,2,QUICK STYLE,idl.global,0:41:36,@takeyyshi,boring,Negative
Seoul,1,3,JAM REPUBLIC,idl.global,1:00:49,@blackpinkstan101,Why tf is it lagging,Negative
Seoul,1,3,1MILLION,idl.global,0:57:42,@rubysayer3025,YUUUCKKK,Positive
Seoul,1,2,QUICK STYLE,idl.global,0:40:04,@tobioweb5500,qs has a chance!!,Positive
Seoul,2,1,1MILLION,idl.global,1:39:17,@Anastasia-rt4mi,Good afs,Positive
Seoul,1,2,QUICK STYLE,idl.global,0:41:24,@kenramping,brotherhood just matched their energy for the 1v1 guys,Negative
Seoul,1,2,QUICK STYLE,idl.global,0:40:58,@mokipop3069,THE CALLOUT,Positive
Seoul,2,1,BROTHERHOOD,idl.global,1:33:40,@ellieanagnostou7545,GOOOOO BROTHERHOODD,Positive
Seoul,1,2,QUICK STYLE,idl.global,0:42:02,@SBH-25,,Neutral
Seoul,1,1,ROYAL FAMILY,idl.global,0:20:51,@tookakuidude1121,@quintcarlgamer8552 you dumb this was a callout to grv,Neutral
Seoul,1,3,JAM REPUBLIC,idl.global,1:00:51,@MJH977,BRUH WTF,Neutral
Seoul,2,1,BROTHERHOOD,idl.global,1:35:14,@dumpiezzz,Lets goooo,Positive
Seoul,1,1,GRV,idl.global,0:16:56,@JaredEarnshaw,OMGGGGG,Positive
Sydney,1,3,BROTHERHOOD,steezystudio,1:16:43,@sage_clI,SISTERHOOD,Neutral
Seoul,1,3,JAM REPUBLIC,idl.global,1:00:24,@heinzfel,DI ON BEAT,Positive
Seoul,1,2,BROTHERHOOD,idl.global,0:37:18,@kunsyaman,beat em uppp,Positive
Seoul,2,1,1MILLION,idl.global,1:38:20,@vhs_dreams_yt,nah this is wild,Positive
Seoul,1,2,QUICK STYLE,idl.global,0:41:29,@UwU-on8kq,EHH,Negative
Seoul,2,1,1MILLION,idl.global,1:38:44,@tookakuidude1121,i love number 7 so muchhh,Positive
Seoul,1,1,ROYAL FAMILY,steezystudio,0:21:44,@oliviatokiohotel,NAH RF WILL WIN FAHHH OMDD,Positive
Seoul,1,3,1MILLION,idl.global,0:57:37,@ahmadfadhil7431,CLEAAANNNSSS,Positive
Seoul,1,2,QUICK STYLE,idl.global,0:41:44,@Sean_S_00,TOXIC MGA NON DANCERS DITO FEELING MAGALING,Neutral
Seoul,2,1,BROTHERHOOD,steezystudio,1:38:11,@keiholic,IN SEOUL TOO????,Neutral
Seoul,2,1,BROTHERHOOD,idl.global,1:34:27,@MJH977,YASS SAJAHOOD,Positive
Seoul,2,1,1MILLION,idl.global,1:38:52,@dumpiezzz,This good asf,Positive
Seoul,1,1,ROYAL FAMILY,idl.global,0:20:29,@seowonschiaseed,SONG CHOICE IS FIREE,Positive
Seoul,2,1,1MILLION,idl.global,1:38:04,@briannajean376,oh nah,Negative
Seoul,2,1,1MILLION,idl.global,1:38:45,@lourencediana5680,DO WE STILL NEED TO WATCH THIS? BROTHERHOOD ALREADY WON!!,Negative
Seoul,2,1,BROTHERHOOD,steezystudio,1:38:01,@kavoooo1,such a banger,Positive
Seoul,2,1,BROTHERHOOD,idl.global,1:35:16,@bea-ok3pl,ADRIANNN,Positive
Seoul,2,1,1MILLION,steezystudio,1:42:12,@kavoooo1,ooh,Neutral
Seoul,1,2,QUICK STYLE,steezystudio,0:44:16,@itscjhernandez,Not strong,Negative
Seoul,1,2,BROTHERHOOD,idl.global,0:38:21,@jemsbiii,No new moves??,Negative
Seoul,1,2,QUICK STYLE,idl.global,0:41:37,@jangwonyoung1570,weak as callout,Negative
Seoul,1,2,BROTHERHOOD,idl.global,0:36:02,@RubyCrystal-u1y,ohhhh!!!!!!!!!,Positive
Seoul,2,1,1MILLION,idl.global,1:38:59,@takeyyshi,naangasan parin ako sa hat ng brhd :loudly_crying_face:,Neutral
Seoul,2,1,BROTHERHOOD,idl.global,1:34:56,@arh1d3a,LMAOOOO YESSSSS,Positive
Seoul,1,2,QUICK STYLE,idl.global,0:40:16,@jairozkentbazarsoria2253,messy,Negative
Seoul,1,3,1MILLION,idl.global,0:56:37,@okp1763,DAMMNNNNNN,Positive
Seoul,1,3,JAM REPUBLIC,idl.global,1:01:56,@allisonkim8623,why did voting start,Neutral
Sydney,1,3,ROYAL FAMILY,steezystudio,1:10:31,@kyllenavarro-n1e,easy sweap?,Positive
Seoul,1,3,1MILLION,idl.global,0:57:25,@Yuxinsrj,GAGGGGGG,Positive
Seoul,2,1,BROTHERHOOD,idl.global,1:33:31,@KeiSumiyoshi,WHATTTTTTTTTTTTTTTT,Positive
Seoul,1,3,JAM REPUBLIC,idl.global,1:01:51,@SeanEzra-zv2vf,LADY GAGAGAGGAGAAGGAGAGAGAGAGAGAGA,Positive
Seoul,2,1,BROTHERHOOD,idl.global,1:35:06,@shiryu1094,astiggg,Positive
Seoul,1,2,BROTHERHOOD,idl.global,0:37:18,@melissalin1713,DAYTOOOOOOOON,Positive
Seoul,2,1,BROTHERHOOD,idl.global,1:34:25,@kenjifd,GOD DAMNNNN BROOOO SWEAPPPP:double_exclamation_mark::double_exclamation_mark::double_exclamation_mark::double_exclamation_mark:,Positive
Seoul,1,1,GRV,idl.global,0:16:35,@yowzzz05,THEY'RE THROWING SHADE AT RD,Positive
Seoul,1,1,ROYAL FAMILY,idl.global,0:18:55,@whlskey,nice ads,Neutral
Seoul,1,2,BROTHERHOOD,idl.global,0:38:13,@RuthieTaufa-f2u,:fire::fire::fire:,Positive
Seoul,1,3,1MILLION,idl.global,0:57:38,@heinzfel,YESSSS,Positive
Seoul,2,1,1MILLION,idl.global,1:38:41,@GlenCanillas,bh,Neutral
Seoul,2,1,1MILLION,steezystudio,1:42:27,@rhiazze,i luv this song,Positive
Seoul,1,2,BROTHERHOOD,idl.global,0:36:16,@takeyyshi,OHSHI,Positive
Seoul,1,1,ROYAL FAMILY,idl.global,0:20:02,@vyanzee6,AYE333,Positive
Seoul,1,2,QUICK STYLE,idl.global,0:41:56,@kianzaiYT,maybe they want to win wuickstyle,Positive
Seoul,1,2,QUICK STYLE,idl.global,0:40:42,@lovie7347,ITS EUROEANNNN STYLE,Positive
Seoul,1,3,JAM REPUBLIC,idl.global,1:01:26,@nishimurr0,lady gaga too,Neutral
Seoul,1,1,ROYAL FAMILY,steezystudio,0:23:52,@eggyroven,NOW THIS THE ROYAL CAMILY WEE KNOWWW,positive
Seoul,1,3,1MILLION,steezystudio,1:01:16,@yofanboiii,AAAAAA,Positive
Seoul,2,1,BROTHERHOOD,idl.global,1:35:58,@Tepaneyy,THEY USEEE KOREANNN MUSIC BRUH YESSSSSSSSSSSSS,Positive
Seoul,1,1,GRV,steezystudio,0:18:48,@JacobLeggett,ads bro,Neutral
Seoul,1,3,JAM REPUBLIC,idl.global,0:59:47,@oma1036,KAHIT ISA LANG JR SEA,Positive
Seoul,1,3,1MILLION,idl.global,0:56:57,@nevieluvs,ay wow holy song choice,Positive
Seoul,2,1,1MILLION,steezystudio,1:43:04,@klarzsenpaiii,abilijin,Neutral
Seoul,2,1,BROTHERHOOD,idl.global,1:35:32,@patriciadesquitado871,They're not worried sa Round 1. HAHAHA. I know something's cooking for Round 2,Positive
Seoul,1,1,ROYAL FAMILY,idl.global,0:20:51,@kizuumi0420,THE DISSINGGG,Positive
Seoul,1,3,JAM REPUBLIC,steezystudio,1:04:50,@klarzsenpaiii,WOAH,Positive
Seoul,2,1,BROTHERHOOD,idl.global,1:34:28,@tealcushion,YESSS,Positive
Seoul,1,3,JAM REPUBLIC,idl.global,1:01:26,@---wy8zq,POKER FACE,Positive
Seoul,1,1,ROYAL FAMILY,idl.global,0:20:11,@kizuumi0420,herl the bass shakin the cam KJAHSDKJAHSDKHJASD,Neutral
Seoul,1,3,1MILLION,idl.global,0:56:57,@justinequibod8,LECHE PANO PA SUSUNDAN YAN,Positive
Seoul,1,2,QUICK STYLE,idl.global,0:41:33,@ReVeLy-ez3qt,bh was way cleaner though,Negative
Seoul,1,3,1MILLION,idl.global,0:56:47,@kunsyaman,LEGIT BA JUDAS,Positive
Seoul,1,1,ROYAL FAMILY,steezystudio,0:23:35,@rafahgamez3703,holy arau,Positive
Seoul,2,1,ROYAL FAMILY,idl.global,1:30:02,@seowonschiaseed,1MMM,Neutral
Seoul,1,1,GRV,idl.global,0:16:07,@wicked.c7212,hmmm,Neutral
Seoul,1,1,GRV,idl.global,0:14:17,@davemagar8418,:medal-yellow-first-red::medal-yellow-first-red::medal-yellow-first-red::medal-yellow-first-red:,Positive
Seoul,1,2,BROTHERHOOD,idl.global,0:35:49,@terrencegustilo9591,Lets goo Brotherhood,Positive
Seoul,1,2,BROTHERHOOD,idl.global,0:37:12,@loraileys,OUUUU,Positive
Seoul,2,1,ROYAL FAMILY,idl.global,1:30:28,@mikehawk8744,Left side kinda messy,Negative
Seoul,2,1,BROTHERHOOD,idl.global,1:35:33,@---wy8zq,HOLY,Positive
Seoul,1,2,BROTHERHOOD,idl.global,0:36:17,@Riza-r1v,BROTHERHOOD DEVOUR THEM,Positive
Seoul,1,1,GRV,idl.global,0:15:35,@AKAGum00,damn,Positive
Seoul,2,1,BROTHERHOOD,idl.global,1:34:23,@shelleybutler-tx5hn,WOOOOOO,Positive
Seoul,1,2,QUICK STYLE,idl.global,0:41:18,@UwU-on8kq,WOAH\,Positive
Seoul,2,1,1MILLION,idl.global,1:38:56,@johndomingo7019,woooo\,Positive
Seoul,1,3,JAM REPUBLIC,idl.global,0:59:59,@TongkanKawayan,brotherhood:fire::fire:brotherhoodbrotherhood:fire::fire:brotherhood,Neutral
Seoul,1,2,BROTHERHOOD,steezystudio,0:40:00,@elijahidl,HOLY CLEANNNN,Positive
Seoul,1,1,ROYAL FAMILY,idl.global,0:19:13,@AKAGum00,where is the energy??? both teams feel empty,Negative
Seoul,2,1,1MILLION,idl.global,1:38:05,@xshckwave,OH 1M ARE TAKING ITTT,Positive
Seoul,2,1,1MILLION,steezystudio,1:41:43,@sqxxx516,SPIDERMANNN,Positive
Seoul,1,2,QUICK STYLE,idl.global,0:40:28,@Sammy-uj1,THEY EATING,Positive
Seoul,2,1,BROTHERHOOD,idl.global,1:34:45,@ellieanagnostou7545,NAHHH RHIS IS TOO GOOD,Positive
Seoul,2,1,ROYAL FAMILY,idl.global,1:30:22,@ellieanagnostou7545,,Neutral
Seoul,1,2,QUICK STYLE,idl.global,0:40:57,@Nicole_saplrn,yoo this fireee,Positive
Seoul,1,2,QUICK STYLE,idl.global,0:41:33,@WhyAmIHereYT,HAHAHAHAHAH STILL BH DAWG,Negative
Seoul,1,1,ROYAL FAMILY,steezystudio,0:23:03,@elenammorante,AYYYYYY,Positive
Seoul,1,1,GRV,idl.global,0:14:59,@johngabrielcadiz,RF!!!!,Neutral
Seoul,1,3,JAM REPUBLIC,steezystudio,1:02:46,@klarzsenpaiii,letsee jam,Positive
Seoul,2,1,BROTHERHOOD,idl.global,1:34:25,@MariaLourdesSanoSolano,soooooo cleaaaannnnnnn,Positive
Seoul,1,2,QUICK STYLE,idl.global,0:41:02,@DNCharLeys,7-0,Negative
Seoul,1,2,QUICK STYLE,idl.global,0:40:02,@swiftie_33,its mid,Negative
Seoul,1,1,ROYAL FAMILY,idl.global,0:18:31,@patriciadesquitado871,Whoa,Positive
Seoul,2,1,1MILLION,idl.global,1:38:19,@Iris3cho,OMG,Positive
Seoul,1,2,QUICK STYLE,idl.global,0:39:32,@vensleepy,QUICKSTYLE,Positive
Seoul,1,2,BROTHERHOOD,idl.global,0:38:00,@firespear2557,I EXPECTED MORE BROTHERHOOD................,Negative
Seoul,1,1,ROYAL FAMILY,idl.global,0:20:36,@KurtczackToledo,HOLLY CALLOUYTTTTT,Positive
Seoul,1,3,1MILLION,idl.global,0:58:02,@kzeeexc_3575,linis,Positive
Seoul,2,1,BROTHERHOOD,idl.global,1:35:44,@Anastasia-rt4mi,Owww,Neutral
Seoul,1,3,1MILLION,idl.global,0:58:08,@jam_bornel,Domain expansion,Positive
Seoul,2,1,BROTHERHOOD,idl.global,1:34:24,@vaughnbon_12,NAHHHHHH,Positive
Seoul,1,3,JAM REPUBLIC,idl.global,1:00:19,@leocosmos5444,wala 1m toh,Negative
Seoul,1,1,GRV,idl.global,0:15:29,@vahnyk,yoooo,Positive
Seoul,1,3,JAM REPUBLIC,idl.global,0:59:45,@T818-s6d,JR LETS GOOOOOOOOOOO,Positive
Seoul,1,1,GRV,idl.global,0:16:38,@karlmarx1st,BULOK NA NAPPRESSURE NA SILA INGAY NIYO KASI E,Negative
Seoul,1,3,JAM REPUBLIC,idl.global,1:00:52,@kylebandiola,lagggggg,Negative
Seoul,1,3,JAM REPUBLIC,idl.global,1:00:41,@MotivatedPotatoKnish,@lanzesperanza1073 YESS,Positive
Seoul,2,1,ROYAL FAMILY,idl.global,1:30:39,@yukaaa3212,DANG,Positive
Seoul,1,3,JAM REPUBLIC,idl.global,1:00:30,@enashinoo,VOTE FOR JAMM,Positive
Seoul,1,2,BROTHERHOOD,idl.global,0:37:09,@kunsyaman,GENDER REVEAL,Neutral
Seoul,1,2,QUICK STYLE,idl.global,0:41:24,@melissalin1713,YOOOO,Positive
Seoul,2,1,1MILLION,idl.global,1:38:08,@kunsyaman,strong start,Positive
Seoul,1,3,JAM REPUBLIC,idl.global,1:00:37,@UwU-on8kq,LAG,Negative
Seoul,2,1,1MILLION,idl.global,1:39:34,@takeyyshi,nailedddd,Positive
Seoul,2,1,ROYAL FAMILY,idl.global,1:30:40,@DJJD17,wowwwwwwwwww,Positive
Seoul,1,2,QUICK STYLE,idl.global,0:42:01,@vahnyk,brhd sweeps,Negative
Seoul,2,1,BROTHERHOOD,idl.global,1:34:03,@guuuu7j7654,OMGGGGG,Positive
Seoul,1,1,ROYAL FAMILY,idl.global,0:20:30,@tookakuidude1121,damnnnnnnnnnnnnnnnnnnnnn,Positive
Seoul,1,3,1MILLION,idl.global,0:57:31,@shanna9821,Ohhhh,Positive
Seoul,2,1,BROTHERHOOD,idl.global,1:35:21,@Anastasia-rt4mi,BHhh,Positive
Seoul,1,3,1MILLION,idl.global,0:57:11,@TongkanKawayan,brotherhood:fire::fire:brotherhoodbrotherhood:fire::fire:,Neutral
Seoul,1,2,BROTHERHOOD,idl.global,0:36:01,@justagalwholovesdance,QUICKSTYLE IS COOKED,Positive
Seoul,1,3,1MILLION,idl.global,0:56:03,@wicked.c7212,lexxxgo 1Million :white_heart::white_heart:,Positive
Seoul,1,2,QUICK STYLE,idl.global,0:41:00,@neilcodm6201,7-0,Negative
Seoul,2,1,ROYAL FAMILY,idl.global,1:31:22,@roselynronquillo853,they feel so new and freshh!!,Positive
Seoul,1,3,JAM REPUBLIC,idl.global,0:59:48,@eljhanzu,BROTHERHOOD ON TOPBROTHERHOOD ON TOPBROTHERHOOD ON TOPBROTHERHOOD ON TOPBROTHERHOOD ON TOPBROTHERHOOD ON TOPBROTHERHOOD ON TOPBROTHERHOOD ON TOPBROTHERHOOD ON TOPBROTHERHOOD ON TOPBROTHERHOOD ON TOP,Neutral
Seoul,1,2,QUICK STYLE,idl.global,0:42:00,@mathyunghyunsukieee3957,i think Brotherhood just match the vibe of quickstyle :rolling_on_the_floor_laughing: that's why it looks like a warm up,Negative
Seoul,1,1,GRV,idl.global,0:16:35,@shounayuno,wow clean combo,Positive
Seoul,2,1,BROTHERHOOD,idl.global,1:33:34,@oratricemechaniquedeanalyse,SAJA-HOOD!!!!!,Positive
Seoul,2,1,BROTHERHOOD,idl.global,1:35:37,@mariyasaphirabugna2389,FORMATIONS' CRAZYYY BRAAAAAA,Positive
Seoul,2,1,ROYAL FAMILY,steezystudio,1:34:05,@kavoooo1,oohhhhh,Positive
Seoul,2,1,BROTHERHOOD,steezystudio,1:37:27,@nikkisimbillo,oooooo,Positive
Seoul,2,1,BROTHERHOOD,idl.global,1:33:40,@Rhinnoeee,Let's gooooo!!!!!,Positive
Seoul,1,3,JAM REPUBLIC,idl.global,1:00:31,@jjjjjjjoshu,AAAAYYYYYYYYYY,Positive
Seoul,2,1,BROTHERHOOD,idl.global,1:36:00,@judeemmanuelgellor3961,:crown::crown::crown::crown::crown::crown::crown::crown::crown:,Positive
Seoul,2,1,1MILLION,steezystudio,1:42:19,@ImFeja,Hard song to dance to,Neutral
Seoul,1,2,QUICK STYLE,idl.global,0:41:03,@MeltonLagrimas,pangit :grinning_squinting_face:hahahaha joke,Negative
Seoul,2,1,BROTHERHOOD,idl.global,1:35:30,@Yuxinsrj,DAYUM EATTTTT,Positive
Seoul,2,1,BROTHERHOOD,idl.global,1:34:46,@takeyyshi,this is so cool,Positive
Seoul,1,3,JAM REPUBLIC,steezystudio,1:03:37,@klarzsenpaiii,why tf does they have the similar music lmaoo,Negative
Seoul,1,1,GRV,idl.global,0:15:02,@connellyzdiaz4529,letssss goooo royalll fammmmm,Positive
Seoul,1,1,ROYAL FAMILY,idl.global,0:19:09,@realorencatayoc2728,Wowwwwoww rf,Positive
Seoul,1,2,QUICK STYLE,idl.global,0:41:50,@pandapower9959,oh this is nice,Positive
Seoul,2,1,BROTHERHOOD,idl.global,1:34:40,@KeiSumiyoshi,HOLLYYYYY,Positive
Seoul,1,2,BROTHERHOOD,idl.global,0:38:11,@hyunjinswife2248,"TAHIMIK KORYAN FANS, RESERVED SIGAW NILA SA 1M",Negative
Seoul,2,1,1MILLION,idl.global,1:38:49,@mathyunghyunsukieee3957,WALA NA BRHD NA TALAGA :rolling_on_the_floor_laughing:,Positive
Seoul,2,1,BROTHERHOOD,idl.global,1:34:54,@vahnyk,eyyy,Positive
Seoul,2,1,BROTHERHOOD,idl.global,1:34:57,@notkat_vlogs,LAGGGGG,Negative
Seoul,1,3,1MILLION,idl.global,0:57:14,@ifskate420,GAGGAA,Positive
Seoul,1,1,ROYAL FAMILY,idl.global,0:20:46,@abigksukaadureenn,DAWGGGG IM HAVING GOOSEBUMPS,Positive
Seoul,1,3,1MILLION,idl.global,0:57:31,@jeanie5711,GRABEEE,Positive
Seoul,2,1,1MILLION,idl.global,1:39:56,@miguelpondevida9238,What is this we are charlie kirk sounding ass song,Negative
Seoul,1,2,QUICK STYLE,idl.global,0:40:13,@UwU-on8kq,EATING,Positive
Seoul,1,2,QUICK STYLE,idl.global,0:41:13,@zoer.xo03,THE SHADE,Positive
Seoul,2,1,ROYAL FAMILY,idl.global,1:31:24,@ken-l1p8u,oh shii,Positive
Seoul,1,3,1MILLION,idl.global,0:57:02,@kenjifd,BROOO NGL THEY'RE GOOODD,Positive
Seoul,1,2,QUICK STYLE,idl.global,0:42:11,@jaminpascual5560,The idea is there but ngl it’s not clean and you can tell they are trying something new :grimacing_face: BRHD was def going easy on them,Negative
Seoul,1,2,BROTHERHOOD,steezystudio,0:38:50,@CharlesSaldasal-n5c,damnnn,Positive
Seoul,2,1,BROTHERHOOD,idl.global,1:35:15,@vahnyk,3YYYY,Neutral
Seoul,1,2,BROTHERHOOD,idl.global,0:36:53,@UwU-on8kq,FACIALSSSS,Positive
Seoul,1,1,GRV,idl.global,0:15:33,@DnRaven,RIVER NOVIN!!!,Positive
Seoul,1,3,1MILLION,idl.global,0:58:35,@bpinkbit,IM OBSESSED,Positive
Seoul,1,2,BROTHERHOOD,idl.global,0:35:53,@karlmarx1st,up vs ateneo,Neutral
Seoul,1,1,ROYAL FAMILY,idl.global,0:18:40,@sinnombre2r345,grrat song choice,Positive
Seoul,1,1,ROYAL FAMILY,idl.global,0:20:47,@JeCzar,WOAHH,Positive
Seoul,1,1,GRV,idl.global,0:15:19,@derin8953,lezgoo,Positive
Seoul,2,1,1MILLION,idl.global,1:38:37,@7valeritha,naaaah brotherhood ateeee,Negative
Seoul,1,2,BROTHERHOOD,idl.global,0:35:54,@jeido_zzz,ELDON IN FRON,Positive
Seoul,2,1,BROTHERHOOD,idl.global,1:35:56,@Kayabread,SHITTTTT:fire::fire:,Positive
Seoul,2,1,BROTHERHOOD,steezystudio,1:37:30,@jaeiou_,AHHHH I'M WETT,Positive
Seoul,1,3,1MILLION,steezystudio,1:00:41,@klarzsenpaiii,STARTING OFF WITH A BANGER,Positive
Seoul,1,1,GRV,idl.global,0:14:30,@connellyzdiaz4529,goodluck t bothj x,Positive
Seoul,1,1,GRV,idl.global,0:15:43,@TheGrifhinx,... shit,Negative
Seoul,2,1,1MILLION,idl.global,1:37:41,@bea-ok3pl,IF BROTHERHOOD DOESNT WIN IM SPOILING THE NEW SPIDERMAN MOVIE,Neutral
Seoul,2,1,BROTHERHOOD,idl.global,1:34:22,@mariyasaphirabugna2389,HWHSGDHAHDGSHSHSHHAHS,Positive
Seoul,1,1,GRV,idl.global,0:16:16,@RubyCrystal-u1y,crowd silent as helll,Negative
Seoul,1,1,GRV,idl.global,0:16:32,@ayakasimp6217,camera works is greate this time huh!,Positive
Seoul,1,3,1MILLION,idl.global,0:56:22,@ohhtris,JAM REPUBLIC,Neutral
Seoul,1,2,BROTHERHOOD,idl.global,0:35:52,@frannymalzar,LETS GOOOOOOO,Positive
Seoul,2,1,1MILLION,steezystudio,1:43:16,@kavoooo1,this song is ass but the choreography is good,Neutral
Seoul,2,1,1MILLION,idl.global,1:39:52,@roselynronquillo853,THEY MIGHT WIN,Positive
Seoul,1,2,QUICK STYLE,idl.global,0:41:46,@mikehawk8744,Lol,Negative
Seoul,1,3,JAM REPUBLIC,idl.global,0:59:44,@axelteftutul4147,agenda,Neutral
Seoul,1,1,ROYAL FAMILY,idl.global,0:18:09,@angelotzy2518,lezz gooooo,Positive
Seoul,1,3,1MILLION,idl.global,0:58:07,@TongkanKawayan,wbrotherhood:fire::fire:brotherhoodbrotherhood:fire::fire:,Neutral
Seoul,2,1,BROTHERHOOD,idl.global,1:34:16,@klayshana,omg Saja Boys :red_heart:,Positive
Seoul,2,1,ROYAL FAMILY,idl.global,1:30:57,@swaragopal,OUU SHII,Positive
Seoul,1,2,QUICK STYLE,idl.global,0:39:21,@whlskey,they did quickstyle,Positive
Seoul,1,3,1MILLION,idl.global,0:56:51,@JhonPaulFlores-y9q,binuhay ang jusas ni lady gaga,Positive
Seoul,1,3,JAM REPUBLIC,idl.global,0:59:47,@MJH977,Oh,Positive
Seoul,1,2,BROTHERHOOD,steezystudio,0:40:27,@sunakochan466,Aye,Positive
Seoul,1,2,QUICK STYLE,idl.global,0:41:42,@kevinbriang.garcia6398,AHHHHH,Positive
Seoul,2,1,BROTHERHOOD,idl.global,1:35:18,@clairebond7726,Bro no way,Positive
Seoul,1,1,ROYAL FAMILY,idl.global,0:20:25,@PRINCEJACOBOPACO,DAMANNNNNN,Positive
Seoul,2,1,1MILLION,idl.global,1:39:25,@ca.a.,BROTHERHOOD,Neutral
Seoul,2,1,1MILLION,idl.global,1:39:22,@joshuapilapil9805,DAMN,Positive
Seoul,1,3,JAM REPUBLIC,steezystudio,1:04:22,@klarzsenpaiii,THE MASK,Positive
Seoul,2,1,1MILLION,idl.global,1:38:10,@swaragopal,EVETOE IS DONE,Positive
Seoul,2,1,ROYAL FAMILY,steezystudio,1:33:01,@kavoooo1,let's goooo,Positive
Seoul,1,3,JAM REPUBLIC,idl.global,1:01:03,@kttryx,what is that,Neutral
Seoul,2,1,1MILLION,idl.global,1:37:57,@Tepaneyy,HELL NAHHHH,Positive
Seoul,1,1,ROYAL FAMILY,idl.global,0:19:52,@seowonschiaseed,danggg,Positive
Seoul,2,1,BROTHERHOOD,idl.global,1:34:26,@potatotots,CMONNNNNN,Positive
Seoul,1,2,QUICK STYLE,idl.global,0:42:17,@cdn.igrisss,the music choice kind ehh yk,Negative
Seoul,2,1,1MILLION,idl.global,1:39:24,@Bitcxbed,zamn,Positive
Seoul,1,3,1MILLION,idl.global,0:58:04,@ayen_cat04,LOVE ITTT,Positive
Seoul,1,2,BROTHERHOOD,idl.global,0:37:21,@Kyle-108,,Neutral
Seoul,1,1,ROYAL FAMILY,idl.global,0:18:53,@lucien_friess,nahhh they cold,Positive
Seoul,1,3,1MILLION,idl.global,0:57:09,@Johnvzsa,SHETSHARON,Neutral
Seoul,2,1,ROYAL FAMILY,idl.global,1:31:48,@kite4804,OH SHIT,Positive
Seoul,1,2,QUICK STYLE,idl.global,0:42:07,@neilcodm6201,nah this is not it,Negative
Seoul,1,3,JAM REPUBLIC,idl.global,1:00:36,@czyrinetorres6887,same sonh,Positive
Seoul,1,2,QUICK STYLE,idl.global,0:40:42,@justinjusto30,NOT SYNCCCC,Negative
Seoul,1,3,1MILLION,idl.global,0:58:36,@hyunjinswife2248,easy win,Positive
Seoul,1,2,BROTHERHOOD,steezystudio,0:40:27,@ehtwmz,the camerawork is much better this series,Positive
Seoul,2,1,1MILLION,idl.global,1:38:13,@whois_kenz,lowkey messy,Negative
Seoul,2,1,BROTHERHOOD,idl.global,1:35:30,@AnaPopescu-x1y,THEY ATE THAT,Positive
Seoul,1,3,1MILLION,steezystudio,1:01:15,@ThuTaFP-c9z,Nice Party,Positive
Seoul,1,2,BROTHERHOOD,idl.global,0:36:33,@Kyle-108,,Neutral
Seoul,2,1,1MILLION,idl.global,1:39:23,@vmese,bro they're eatingg,Positive
Seoul,1,3,1MILLION,idl.global,0:58:02,@Rhinnoeee,yeahghhhh!!!!1,Positive
Seoul,2,1,1MILLION,idl.global,1:38:48,@bea-ok3pl,good but brotherhood cooked,Negative
Seoul,1,3,1MILLION,idl.global,0:57:10,@Seijiiiii_0,FIREE,Positive
Seoul,1,2,QUICK STYLE,idl.global,0:42:19,@Anagnxstou,Brhd were wayyyy cleaner,Negative
Seoul,1,1,GRV,idl.global,0:16:35,@taliabailey6015,:fire::fire::fire::fire:,Positive
Seoul,1,2,QUICK STYLE,idl.global,0:40:11,@RiyaManmode,ttok the fan vote alreadyy,Neutral
Seoul,2,1,1MILLION,idl.global,1:37:26,@wellviewstories,1M VS BRH,Neutral
Seoul,1,2,QUICK STYLE,idl.global,0:40:51,@Rahkiroad,dissed,Neutral
Seoul,2,1,BROTHERHOOD,idl.global,1:35:07,@Tepaneyy,HELL NAHHHHHHHHH,Positive
Seoul,2,1,1MILLION,idl.global,1:38:42,@hshszzi,WOAHHY,Positive
Seoul,1,2,QUICK STYLE,idl.global,0:41:27,@terrencegustilo9591,"Ok i take back what i said, Brotherhood got this",Negative
Seoul,1,3,JAM REPUBLIC,idl.global,0:59:48,@seanzee-zc1pe,MOTHER IS MOTHERING LIA KIM,Positive
Seoul,1,2,QUICK STYLE,idl.global,0:42:07,@xaroulaspanou,thats...not it,Negative
Seoul,2,1,ROYAL FAMILY,idl.global,1:30:30,@loraileys,okkkk,Positive
Sydney,1,3,BROTHERHOOD,steezystudio,1:14:37,@JCFE,EAT EM UPPPP,Positive
Seoul,2,1,ROYAL FAMILY,idl.global,1:30:02,@UwU-on8kq,ouhhh shiii,Positive
Seoul,1,3,JAM REPUBLIC,idl.global,1:00:14,@pieceofdoe,Ohhhh,Positive
Seoul,1,3,JAM REPUBLIC,steezystudio,1:04:32,@lauren_yy,THE CALL OUTS????,Positive
Seoul,1,1,ROYAL FAMILY,idl.global,0:20:04,@peewwiii,L,Negative
Seoul,1,1,ROYAL FAMILY,idl.global,0:18:16,@takeyyshi,crowd dead af,Negative
Seoul,1,3,1MILLION,idl.global,0:57:18,@double_roses,See what the crowd is capable of????????????,Positive
Seoul,1,1,GRV,idl.global,0:16:06,@BlessieVentigan-b6s,eyyyyyyy,Positive
Seoul,1,1,ROYAL FAMILY,idl.global,0:18:09,@Migszxh,that's so insane,Positive
Seoul,1,1,ROYAL FAMILY,idl.global,0:18:16,@encrts,the calloutttt,Positive
Seoul,2,1,1MILLION,idl.global,1:39:23,@hshszzi,"WEAKK JUST KIDDING, THIS IS SOO PEAKKKKKKK",Positive
Seoul,1,1,GRV,steezystudio,0:19:58,@kc-un7by,boring,Negative
Seoul,1,3,1MILLION,idl.global,0:57:25,@ninojamessuson2553,im satttt!!!,Positive
Seoul,1,3,JAM REPUBLIC,idl.global,1:00:08,@takeyyshi,HOLYY,Positive
Seoul,1,2,QUICK STYLE,idl.global,0:41:48,@frannymalzar,i fear this will be a close call later,Positive
Seoul,1,2,QUICK STYLE,idl.global,0:39:39,@cakebatter012,OUUUU,Positive
Seoul,2,1,BROTHERHOOD,idl.global,1:33:41,@Kayabread,Ya bruh tt stream ended,Neutral
Seoul,1,3,1MILLION,idl.global,0:57:10,@Themushroomball,ENERGYYYY,Positive
Seoul,1,2,QUICK STYLE,idl.global,0:41:34,@takeyyshi,ion know,Negative
Seoul,1,1,GRV,idl.global,0:15:40,@arh1d3a,HEEEEEEELL YEAH,Positive
Seoul,1,3,1MILLION,idl.global,0:56:44,@maddymilano,OKAYYY,Positive
Seoul,2,1,BROTHERHOOD,idl.global,1:33:43,@takeyyshi,dang,Positive
Seoul,1,1,ROYAL FAMILY,idl.global,0:18:06,@jisyng,i dont get the hype at all,Negative
Seoul,2,1,1MILLION,idl.global,1:37:41,@LucasPasig,EW,Positive
Seoul,1,1,ROYAL FAMILY,idl.global,0:18:27,@seowonschiaseed,RFRFRFRFRFRFRFRFRFRFRFRFRF,Positive
Seoul,1,3,JAM REPUBLIC,idl.global,1:01:35,@reignlawrenceantonio9101,jrSEAAAAAAA,Positive
Seoul,2,1,1MILLION,idl.global,1:39:00,@vqyzna,HOLLYYYYYY 1M,Positive
Seoul,1,2,QUICK STYLE,idl.global,0:42:18,@DaveGarcia-n8z,BRHD AT ROUND 2 : :skull::skull::skull::skull:,Neutral
Seoul,2,1,1MILLION,idl.global,1:37:45,@nishimurr0,dang spider,Positive
Seoul,2,1,BROTHERHOOD,idl.global,1:35:20,@yukaaa3212,DAMM,Positive
Seoul,1,2,QUICK STYLE,idl.global,0:39:27,@Anagnxstou,COME ON BRHD,Neutral
Seoul,1,3,JAM REPUBLIC,steezystudio,1:04:38,@ArmyZenTiny4Lyfe,thats what i was gonna say. they use the same music? good to see different interpretations,Positive
Seoul,2,1,BROTHERHOOD,idl.global,1:35:48,@Mavisymra,OH HELLLLL,Positive
Seoul,1,1,ROYAL FAMILY,idl.global,0:18:49,@xeiyano,SONG CHOICEEEE,Positive
Seoul,2,1,BROTHERHOOD,idl.global,1:34:23,@ellieanagnostou7545,GOOOOO BROTHERHOODD,Positive
Seoul,1,2,QUICK STYLE,idl.global,0:40:42,@cenamoncenamobuns,SO SHAPR,Positive
Seoul,2,1,ROYAL FAMILY,idl.global,1:29:40,@kunsyaman,LESGO GRINDR VS MOVEIT VS SHEIN,Positive
Seoul,1,3,JAM REPUBLIC,steezystudio,1:05:07,@eggyroven,HOLD UPPPPPP,Positive
Seoul,1,1,ROYAL FAMILY,idl.global,0:20:00,@jeido_zzz,mid,Negative
