event_name,round,match,team,yt_channel,timestamp,author_name,text
Seoul,1,2,QUICK STYLE,idl.global,0:39:26,@frannymalzar,its so underwhelming compared to their other ones:pensive_face::pensive_face::pensive_face::pensive_face:
Seoul,1,3,1MILLION,idl.global,0:56:38,@kunsyaman,UNA RAW ANG SHEIN #NOTOFASTFASHION
Seoul,2,1,BROTHERHOOD,idl.global,1:33:27,@tobioweb5500,LETS GOOOOOOOOOO
Seoul,1,1,GRV,idl.global,0:15:47,@ninoarieldiocampo3939,awh
Seoul,2,1,1MILLION,idl.global,1:39:15,@acotek56,this is asome
Seoul,2,1,BROTHERHOOD,idl.global,1:33:44,@claveriapauliversono.494,DISSING THE COUNTRY OMG
Seoul,2,1,1MILLION,idl.global,1:39:58,@justinguiniling4675,mid
Seoul,1,3,1MILLION,idl.global,0:56:40,@parkjihou,HOY MGA TAGA PILIPINS VOTE WISELY GUYS BAKA PATI BA NAMAN DITO IVOVOTE NIYO YUNG ANO HA
Seoul,1,2,QUICK STYLE,idl.global,0:39:28,@hotfudgesundae879,it felt repetitive
Seoul,1,2,QUICK STYLE,idl.global,0:40:50,@loraileys,oooo
Seoul,1,2,BROTHERHOOD,idl.global,0:37:10,@taynguyener,BEAT EM IP
Seoul,1,1,GRV,idl.global,0:15:11,@connellyzdiaz4529,RFFFFFFFFF
Seoul,2,1,BROTHERHOOD,idl.global,1:34:19,@Tepaneyy,fireeeeeeeeeeeeeeeeeeeeeeeeeee
Seoul,2,1,ROYAL FAMILY,idl.global,1:31:26,@AnaPopescu-x1y,all these groups atee
Seoul,1,2,QUICK STYLE,idl.global,0:42:22,@dafi-quakc,okay ima start casting my vote
Seoul,1,3,JAM REPUBLIC,idl.global,0:59:50,@HoshiOkiro,BAWI JAM REPUBBB
Seoul,1,1,GRV,idl.global,0:15:37,@heekiluna6050,aray mo
Seoul,1,2,QUICK STYLE,idl.global,0:40:29,@AnaSalgado-n1l,no I’m bored too
Seoul,2,1,1MILLION,idl.global,1:38:46,@nevieluvs,BH god it
Seoul,1,1,GRV,idl.global,0:14:09,@ririsgonewild,YEAHH GRVV
Seoul,1,2,BROTHERHOOD,idl.global,0:36:45,@academicsfirst,DAYTON
Seoul,2,1,ROYAL FAMILY,idl.global,1:31:00,@RubyCrystal-u1y,if it stop it's sus
Seoul,2,1,1MILLION,idl.global,1:39:24,@RubyCrystal-u1y,ok 3rd PLACE
Seoul,2,1,ROYAL FAMILY,idl.global,1:31:48,@malennamae,Fiiiiiire
Seoul,2,1,1MILLION,idl.global,1:38:23,@ellieanagnostou7545,GOOOOO BROTHERHOODD
Seoul,1,3,JAM REPUBLIC,idl.global,1:01:46,@vahnyk,DISSS
Sydney,1,1,JAM REPUBLIC,steezystudio,0:25:38,@hewwoderek3318,LET THE GAMES BEGIN
Seoul,1,2,QUICK STYLE,idl.global,0:41:09,@guuuu7j7654,Boring
Seoul,1,3,JAM REPUBLIC,idl.global,0:59:54,@eljhanzu,BROTHERHOOD ON TOPBROTHERHOOD ON TOPBROTHERHOOD ON TOPBROTHERHOOD ON TOPBROTHERHOOD ON TOPBROTHERHOOD ON TOPBROTHERHOOD ON TOPBROTHERHOOD ON TOPBROTHERHOOD ON TOPBROTHERHOOD ON TOPBROTHERHOOD ON TOP
Seoul,1,3,1MILLION,idl.global,0:57:32,@UwU-on8kq,STAGINGGGG
Seoul,2,1,BROTHERHOOD,idl.global,1:33:53,@nishimurr0,LOL
Seoul,1,2,BROTHERHOOD,idl.global,0:38:17,@heinzfel,ADRIANNN
Seoul,2,1,1MILLION,idl.global,1:38:15,@ellieanagnostou7545,GOOOOO BROTHERHOODD
Seoul,2,1,BROTHERHOOD,idl.global,1:35:49,@Venquizz-d8g,:fire::fire::fire::fire::fire:
Seoul,1,1,GRV,idl.global,0:16:41,@JeCzar,its still clean tho
Seoul,2,1,BROTHERHOOD,steezystudio,1:37:43,@ImFeja,The neck rotations with the hats look so good my god
Seoul,1,3,JAM REPUBLIC,idl.global,1:00:19,@crispy5104,again??????
Seoul,1,1,GRV,idl.global,0:14:51,@Reiddddddddd,hype rhe room up guys
Seoul,2,1,BROTHERHOOD,idl.global,1:33:42,@medic_dubs,HELLO OPENING???
Seoul,2,1,1MILLION,steezystudio,1:43:05,@ramoskim1032,When is brotherhood guys?
Seoul,2,1,1MILLION,idl.global,1:39:58,@Mavisymra,VOTE BROTHERHOOD!
Seoul,2,1,BROTHERHOOD,idl.global,1:33:57,@shelleybutler-tx5hn,YOOOOO
Seoul,1,3,JAM REPUBLIC,idl.global,1:00:58,@gabbykristine5461,even the stream couldnt handle the same song for the third time LAWLL
Seoul,2,1,BROTHERHOOD,idl.global,1:34:46,@harrybui1264,Okayyyyyyy
Seoul,2,1,1MILLION,steezystudio,1:42:52,@rhiazze,bh is done
Seoul,2,1,BROTHERHOOD,idl.global,1:34:27,@ellieanagnostou7545,GOOOOO BROTHERHOODD
Seoul,1,1,ROYAL FAMILY,idl.global,0:20:27,@CANAAN-x,damn
Seoul,1,2,BROTHERHOOD,idl.global,0:36:12,@Yondamotivs,MOVEIT VS ANGKAS
Seoul,1,1,ROYAL FAMILY,idl.global,0:19:37,@kizuumi0420,AYEEEEE
Seoul,2,1,BROTHERHOOD,steezystudio,1:36:50,@KurtKydae,saja boysssss
Seoul,2,1,1MILLION,idl.global,1:39:57,@vmese,they won
Seoul,1,1,ROYAL FAMILY,idl.global,0:20:03,@ikeeee_0,FIREEEE
Seoul,1,3,1MILLION,idl.global,0:56:58,@Jwhops,GG GUYSSS
Seoul,2,1,BROTHERHOOD,idl.global,1:33:33,@ellieanagnostou7545,OH MYYYYY
Seoul,1,3,JAM REPUBLIC,idl.global,1:00:07,@JulianLadlad-q1h,WHAT
Seoul,2,1,1MILLION,idl.global,1:39:19,@ifskate420,oh
Seoul,1,2,QUICK STYLE,idl.global,0:40:27,@mathyunghyunsukieee3957,still Brotherhood
Seoul,2,1,ROYAL FAMILY,steezystudio,1:34:40,@ellianeblondeau,yaaaas
Seoul,1,1,ROYAL FAMILY,idl.global,0:20:41,@terrencegustilo9591,Royal Family ate!!
Seoul,1,3,JAM REPUBLIC,idl.global,0:59:43,@double_roses,BIASED CROWED THOUGH
Seoul,1,3,JAM REPUBLIC,idl.global,0:59:59,@harrybui1264,JR better picks a good song
Seoul,1,2,BROTHERHOOD,idl.global,0:36:57,@ririsgonewild,HUMUZAA
Seoul,1,3,JAM REPUBLIC,steezystudio,1:04:11,@lauren_yy,BYEEEEEE
Seoul,1,2,QUICK STYLE,idl.global,0:41:55,@babyinbabyblue.,I’m srry but honestly brotherhood is taking it
Seoul,1,1,ROYAL FAMILY,idl.global,0:19:33,@MJH977,hmmm idk
Seoul,1,2,BROTHERHOOD,idl.global,0:36:03,@takeyyshi,SHETT
Seoul,2,1,ROYAL FAMILY,idl.global,1:30:53,@RubyCrystal-u1y,if it stop it's sus
Seoul,1,2,QUICK STYLE,idl.global,0:40:39,@takeyyshi,BRHD STILL CLEAN AFFF
Seoul,1,1,GRV,idl.global,0:16:53,@RubyCrystal-u1y,ohhhhh
Seoul,1,2,QUICK STYLE,idl.global,0:40:51,@aliahm.6726,ngl QS won already
Seoul,2,1,BROTHERHOOD,idl.global,1:33:40,@davemelano9631,kinjaz???
Seoul,2,1,BROTHERHOOD,idl.global,1:33:20,@kenjifd,DAMNNN HAHAHAHAHAHAHAHAH
Seoul,2,1,BROTHERHOOD,idl.global,1:35:33,@takeyyshi,OH
Seoul,1,2,QUICK STYLE,idl.global,0:39:38,@princesimbulan5074,not bad but not good
Seoul,1,3,1MILLION,idl.global,0:57:39,@eljhanzu,BROTHERHOOD ON TOPBROTHERHOOD ON TOPBROTHERHOOD ON TOPBROTHERHOOD ON TOPBROTHERHOOD ON TOPBROTHERHOOD ON TOPBROTHERHOOD ON TOPBROTHERHOOD ON TOPBROTHERHOOD ON TOPBROTHERHOOD ON TOPBROTHERHOOD ON TOP
Seoul,2,1,BROTHERHOOD,idl.global,1:34:37,@toshq_q,SO CLEAN
Seoul,1,3,1MILLION,idl.global,0:56:04,@Oyasumi1234,1 MIL LEGGOOOOO
Seoul,2,1,1MILLION,idl.global,1:39:08,@RafaelWFH,IF 1M WON ITS COOK
Seoul,2,1,ROYAL FAMILY,steezystudio,1:34:37,@kavoooo1,yeahh this is too good they are going to win
Seoul,1,3,JAM REPUBLIC,idl.global,1:00:04,@UwU-on8kq,HOLY
Seoul,1,1,ROYAL FAMILY,idl.global,0:20:54,@vyanzee6,DAMNN
Seoul,2,1,BROTHERHOOD,idl.global,1:34:51,@firzymahardikalolowang9510,the crowd not thatt loud
Seoul,1,3,JAM REPUBLIC,idl.global,1:00:53,@markb4055,Sabotage hahaha
Seoul,1,2,QUICK STYLE,idl.global,0:42:18,@isabella-rc7ks,BROTHERHOODD
Seoul,1,2,QUICK STYLE,idl.global,0:41:58,@LivingInElysium,Really not feeling this one.
Seoul,1,3,JAM REPUBLIC,steezystudio,1:05:08,@yshnrys,THEYRE SO MADDD GAHWISBSJNED
Sydney,1,2,1MILLION,steezystudio,0:52:11,@yourhope8030,leshh gooooooooooo
Seoul,2,1,1MILLION,steezystudio,1:43:25,@แมดเธอว์,the wswf moment i CANTTT
Seoul,1,3,1MILLION,idl.global,0:57:27,@eve4560,I LOVEEE IT
Seoul,1,2,BROTHERHOOD,idl.global,0:38:17,@AttillahAlog,weak :((
Seoul,1,1,ROYAL FAMILY,steezystudio,0:22:29,@elijahidl,Ouuui shiii
Seoul,1,3,JAM REPUBLIC,idl.global,1:01:50,@hroyhn,holy lag
Seoul,2,1,1MILLION,idl.global,1:39:25,@fbhthkdxs,songggggggggggggggggggggggg boring
Seoul,2,1,1MILLION,idl.global,1:38:20,@Sean_S_00,SPIDERMAN
Seoul,2,1,1MILLION,steezystudio,1:43:14,@rhiazze,SO GOOD
Seoul,2,1,1MILLION,idl.global,1:39:04,@avy_guel22,Lakass din
Seoul,1,1,GRV,idl.global,0:14:07,@Lucian7377,First match
Seoul,1,2,QUICK STYLE,idl.global,0:39:38,@bellejeanarpilleda4465,PLEASEE LANGG
Seoul,1,2,QUICK STYLE,idl.global,0:39:23,@j.feelinright,SO CLEANNNN BUT NOT SO VIBEY
Seoul,1,2,QUICK STYLE,idl.global,0:41:15,@Helyum3,brhd wins
Seoul,2,1,BROTHERHOOD,idl.global,1:33:52,@hroyhn,AYEEE
Seoul,1,2,QUICK STYLE,idl.global,0:39:23,@rtyoen7270,Mid
Seoul,2,1,1MILLION,idl.global,1:39:56,@kikay849,BROTHERHOOOOD
Seoul,1,3,JAM REPUBLIC,idl.global,1:01:51,@OreoSISTAHS,SOOHIEEE
Seoul,1,3,1MILLION,idl.global,0:58:38,@heinzfel,SO GOOD
Seoul,1,3,1MILLION,idl.global,0:57:10,@veronica-yw2vo,may. error
Seoul,1,2,QUICK STYLE,idl.global,0:40:03,@cenamoncenamobuns,OKAYY
Seoul,1,3,JAM REPUBLIC,idl.global,1:00:52,@TongkanKawayan,LAGGING
Seoul,2,1,1MILLION,idl.global,1:39:52,@jj1728,THIS IS CREATIVITYYY!!!!!
Seoul,1,2,QUICK STYLE,idl.global,0:41:27,@maya92748,SHADEEEEEEE
Seoul,2,1,BROTHERHOOD,steezystudio,1:37:03,@Yleviathan,HAHAHAHAH Sahood!
Seoul,1,1,GRV,steezystudio,0:18:19,@hewwoderek3318,YASSSSSSSS GRVVVVVV
Seoul,1,1,GRV,idl.global,0:14:13,@tn3cniverd187,LETS GOOO
Seoul,1,3,JAM REPUBLIC,idl.global,1:00:36,@AKAGum00,OKAY JR GET IT???
Seoul,1,3,1MILLION,idl.global,0:57:22,@patriciadesquitado871,Asa si Gojo
Seoul,2,1,1MILLION,idl.global,1:37:48,@noelverzosa8127,straight up favoritism on brhd btw LOLLLLL
Seoul,2,1,1MILLION,idl.global,1:39:10,@Not_kassu,HOLYYY
Seoul,1,3,1MILLION,idl.global,0:57:48,@parkjihou,SHOPPEE TAYO SHOPPEE GUYS TEAM PILIPINS
Seoul,1,2,BROTHERHOOD,idl.global,0:35:54,@cenamoncenamobuns,LETSGO
Seoul,1,2,QUICK STYLE,idl.global,0:41:15,@MeltonLagrimas,pangit hahahaha jokeeee
Seoul,1,3,1MILLION,idl.global,0:55:59,@LucasPasig,SIKAND
Seoul,1,3,1MILLION,idl.global,0:57:38,@joelfgallarde,BASIC!!
Seoul,1,1,ROYAL FAMILY,idl.global,0:18:30,@Helyum3,OH
Seoul,1,2,BROTHERHOOD,idl.global,0:38:28,@aguxtd,wooo
Seoul,2,1,BROTHERHOOD,idl.global,1:34:04,@F3ATH3RH3ATH3R,TAKEDOWN YOOO
Seoul,2,1,1MILLION,idl.global,1:37:43,@rynfrrr,SPIDER MAN
Seoul,1,3,1MILLION,idl.global,0:58:24,@christiankyleescoto2160,SHOPPEE SHOPPEE SHOPPEE
Seoul,1,3,JAM REPUBLIC,idl.global,1:00:47,@taemo_baho,WHAT????
Seoul,1,2,BROTHERHOOD,idl.global,0:36:05,@UwU-on8kq,HOLY
Seoul,2,1,BROTHERHOOD,steezystudio,1:38:39,@InsaniTy-t3z,wtfffff
Seoul,1,1,ROYAL FAMILY,idl.global,0:20:20,@yowzzz05,WAITTTT
Seoul,1,1,GRV,idl.global,0:15:30,@connellyzdiaz4529,goodluck
Seoul,1,3,JAM REPUBLIC,idl.global,1:00:15,@jnaethan33,this song again?
Seoul,2,1,ROYAL FAMILY,idl.global,1:30:30,@yofanboiii,:crown::crown::crown::crown::crown::crown::crown::crown:
Seoul,1,3,1MILLION,idl.global,0:57:25,@melissalin1713,CLEAN SWEEP
Seoul,1,2,QUICK STYLE,idl.global,0:41:26,@AttillahAlog,weak also
Seoul,1,3,JAM REPUBLIC,idl.global,1:01:46,@thandeka1379,why was it lagging
Seoul,1,3,JAM REPUBLIC,idl.global,0:59:42,@markilaset09,JR GALINGAN NYO KAHIT ISANG POINT
Seoul,1,2,BROTHERHOOD,idl.global,0:37:18,@UwU-on8kq,LIGHTSSSSS
Seoul,2,1,BROTHERHOOD,idl.global,1:33:30,@minimeal9353,SAJAHOOD LETS GOOO
Seoul,2,1,ROYAL FAMILY,idl.global,1:29:36,@DJJD17,:crown::yellow_heart:CROWNS UP:yellow_heart::crown:
Seoul,1,1,ROYAL FAMILY,idl.global,0:20:33,@enashinoo,GRV COOKED
Seoul,2,1,ROYAL FAMILY,idl.global,1:30:03,@hshszzi,smooth
Seoul,2,1,ROYAL FAMILY,steezystudio,1:33:02,@sunakochan466,They would upload the junior i think
Seoul,1,2,QUICK STYLE,idl.global,0:41:47,@joOhners,NO COMMMENTO!
Seoul,1,3,1MILLION,idl.global,0:56:45,@markilaset09,GAGSTI
Seoul,1,2,QUICK STYLE,idl.global,0:41:07,@malennamae,Idk they kinda remind me of highschool dance team
Seoul,1,3,1MILLION,idl.global,0:57:08,@neorrii,SUPPORT PHILIPPINES HA WAG KAYONG ANO
Seoul,2,1,1MILLION,idl.global,1:37:58,@victxriah,WFTFFFFFF
Seoul,1,1,ROYAL FAMILY,idl.global,0:19:39,@connellyzdiaz4529,RFFFFFFF
Seoul,2,1,BROTHERHOOD,steezystudio,1:37:59,@irwin-rz2uq,OH THEYRE TAKING IT
Seoul,1,1,GRV,idl.global,0:14:07,@Bitcxbed,IM EXCITED
Seoul,2,1,ROYAL FAMILY,steezystudio,1:35:23,@yooo_seoji,formation and spacing really is their strength
Seoul,2,1,BROTHERHOOD,idl.global,1:33:58,@leviaiki9168,LMAOOOO
Seoul,1,1,ROYAL FAMILY,idl.global,0:20:38,@bonkersz0,grv shade
Seoul,1,3,JAM REPUBLIC,idl.global,1:00:04,@AKAGum00,ohh....
Seoul,2,1,ROYAL FAMILY,idl.global,1:31:38,@harrybui1264,Whatttt
Seoul,1,3,1MILLION,idl.global,0:56:45,@CDSBang,LEZGOOOOO
Seoul,1,3,1MILLION,idl.global,0:56:58,@tealcushion,DAMNNNN
Seoul,2,1,1MILLION,idl.global,1:38:26,@lourencediana5680,DO WE STILL NEED TO WATCH THIS? BROTHERHOOD ALREADY WON!!
Seoul,1,3,1MILLION,idl.global,0:58:29,@wavetoearth.02,WAIT I ACTUALLY LOVEEEE
Seoul,2,1,BROTHERHOOD,idl.global,1:35:19,@penguinixx,LETSSS GOOOOOO
Seoul,1,3,JAM REPUBLIC,idl.global,0:59:42,@bpinkbit,lia kim is so motherrrr
Seoul,1,2,QUICK STYLE,idl.global,0:41:20,@vahnyk,boring
Seoul,2,1,BROTHERHOOD,steezystudio,1:36:55,@jbrevilleza3636,BROOOOO
Seoul,2,1,BROTHERHOOD,steezystudio,1:36:59,@dvwr,LMAOO SAJA BOYS
Seoul,2,1,ROYAL FAMILY,idl.global,1:31:33,@Maggie_Yang,omggg
Seoul,1,3,JAM REPUBLIC,idl.global,1:00:51,@SeanEzra-zv2vf,LAGGGGGG GAGOOOOOOO
Seoul,1,1,ROYAL FAMILY,idl.global,0:18:14,@enashinoo,VERY clean but not striking
Seoul,1,1,ROYAL FAMILY,idl.global,0:18:27,@yourbaddie143,VOTE FOR GRV!!!!!
Seoul,2,1,BROTHERHOOD,idl.global,1:35:06,@ReVeLy-ez3qt,SO COOL
Seoul,1,1,ROYAL FAMILY,idl.global,0:20:38,@putt._puttt,TUFF
Seoul,1,2,QUICK STYLE,idl.global,0:42:18,@SBH-25,
Seoul,2,1,ROYAL FAMILY,idl.global,1:29:42,@DJJD17,wowwwwwwwww
Seoul,1,3,JAM REPUBLIC,idl.global,1:00:52,@LucasPasig,NAH RIGGED
Seoul,1,2,BROTHERHOOD,idl.global,0:38:03,@kunsyaman,LETS GO KELVINNNN
Seoul,2,1,BROTHERHOOD,idl.global,1:34:11,@ken-l1p8u,song choice is eh
Seoul,1,3,1MILLION,idl.global,0:57:53,@CallMeNath-2,Sheeeeeesh thats fire!
Seoul,1,2,QUICK STYLE,idl.global,0:41:52,@isabella-rc7ks,BROTHERHOODD
Seoul,2,1,BROTHERHOOD,idl.global,1:33:46,@yukaaa3212,AHHHH
Seoul,1,1,GRV,idl.global,0:16:17,@shiryu1094,umay
Seoul,2,1,BROTHERHOOD,idl.global,1:35:05,@kunsyaman,better than their first icl
Seoul,1,1,GRV,idl.global,0:15:47,@lili_blink000,Ayeeee woaahhh
Seoul,1,2,BROTHERHOOD,idl.global,0:38:06,@frannymalzar,SYNCHRONIZATION BADDIES
Seoul,1,1,GRV,idl.global,0:15:34,@taynguyener,Oh NO
Seoul,1,2,QUICK STYLE,idl.global,0:40:28,@Kyle-108,boring
Seoul,1,3,1MILLION,steezystudio,0:59:38,@klarzsenpaiii,HOLY
Seoul,2,1,1MILLION,idl.global,1:39:01,@MotivatedPotatoKnish,this fire
Seoul,1,2,BROTHERHOOD,idl.global,0:36:16,@joOhners,OKK!!
Seoul,1,1,GRV,idl.global,0:15:25,@justwavvv,luh bat ganyan yung lighting hahahha
Seoul,1,2,BROTHERHOOD,idl.global,0:37:01,@melissalin1713,ELDOOOOOON
Seoul,1,2,QUICK STYLE,idl.global,0:39:23,@SiyamiKI,oh noo
Seoul,1,1,ROYAL FAMILY,idl.global,0:20:45,@Sparklebutterfly14,calling out grvvvv
Seoul,1,3,JAM REPUBLIC,idl.global,1:00:47,@MJH977,IT LAGGING
Seoul,1,1,ROYAL FAMILY,idl.global,0:20:02,@Tantadolp,0 7 SWEEEPPPPPP
Seoul,2,1,BROTHERHOOD,idl.global,1:34:05,@ellieanagnostou7545,GOOOOO BROTHERHOODD
Seoul,1,2,QUICK STYLE,idl.global,0:39:22,@PowerTheCrew,i feel like they were holding back
Seoul,2,1,1MILLION,idl.global,1:38:42,@tosenzoe,mid
Seoul,2,1,1MILLION,idl.global,1:38:07,@ellieanagnostou7545,GOOOOO BROTHERHOODD
Seoul,1,2,QUICK STYLE,idl.global,0:41:45,@shelleybutler-tx5hn,Boring
Seoul,1,3,1MILLION,steezystudio,0:59:22,@JacobLeggett,ouuuuu
Seoul,2,1,1MILLION,idl.global,1:39:28,@NevereverMindeddd,BROTHERHOOD GONNA WIN
Seoul,2,1,BROTHERHOOD,idl.global,1:35:37,@academicsfirst,OMG
Seoul,2,1,1MILLION,idl.global,1:37:51,@takeyyshi,its giving spiderman
Seoul,1,2,BROTHERHOOD,idl.global,0:36:00,@bonkersz0,LETS GOOOO BRHD
Seoul,1,3,JAM REPUBLIC,idl.global,1:00:59,@74D3N,THE LAGGG
Seoul,2,1,1MILLION,idl.global,1:37:44,@LucasPasig,LIKE A SPIDER
Seoul,1,3,JAM REPUBLIC,idl.global,1:00:53,@Lucian7377,RIGGEDD
Seoul,1,1,ROYAL FAMILY,idl.global,0:19:56,@xaroulaspanou,yeahhhh
Seoul,2,1,ROYAL FAMILY,idl.global,1:32:13,@adrianpaulyadao6190,damn
Seoul,1,1,ROYAL FAMILY,idl.global,0:20:05,@Ynasy_Ynasy,nahhh grv>royal fam
Seoul,1,2,QUICK STYLE,idl.global,0:40:01,@jeio7737,AYE AYE AYE
Seoul,2,1,ROYAL FAMILY,idl.global,1:31:16,@akaili1088,see the stream doesnt lag
Seoul,1,1,GRV,idl.global,0:14:24,@ClydeLacambra,GRV!!!
Seoul,1,2,QUICK STYLE,idl.global,0:39:46,@Reiddddddddd,L crowd EWWW WTF KOREA
Seoul,1,1,ROYAL FAMILY,idl.global,0:18:29,@yowzzz05,RF FIREEEEE
Seoul,1,2,QUICK STYLE,idl.global,0:41:36,@takeyyshi,boring
Seoul,1,3,JAM REPUBLIC,idl.global,1:00:49,@blackpinkstan101,Why tf is it lagging
Seoul,1,3,1MILLION,idl.global,0:57:42,@rubysayer3025,YUUUCKKK
Seoul,1,2,QUICK STYLE,idl.global,0:40:04,@tobioweb5500,qs has a chance!!
Seoul,2,1,1MILLION,idl.global,1:39:17,@Anastasia-rt4mi,Good afs
Seoul,1,2,QUICK STYLE,idl.global,0:41:24,@kenramping,brotherhood just matched their energy for the 1v1 guys
Seoul,1,2,QUICK STYLE,idl.global,0:40:58,@mokipop3069,THE CALLOUT
Seoul,2,1,BROTHERHOOD,idl.global,1:33:40,@ellieanagnostou7545,GOOOOO BROTHERHOODD
Seoul,1,2,QUICK STYLE,idl.global,0:42:02,@SBH-25,
Seoul,1,1,ROYAL FAMILY,idl.global,0:20:51,@tookakuidude1121,@quintcarlgamer8552 you dumb this was a callout to grv
Seoul,1,3,JAM REPUBLIC,idl.global,1:00:51,@MJH977,BRUH WTF
Seoul,2,1,BROTHERHOOD,idl.global,1:35:14,@dumpiezzz,Lets goooo
Seoul,1,1,GRV,idl.global,0:16:56,@JaredEarnshaw,OMGGGGG
Sydney,1,3,BROTHERHOOD,steezystudio,1:16:43,@sage_clI,SISTERHOOD
Seoul,1,3,JAM REPUBLIC,idl.global,1:00:24,@heinzfel,DI ON BEAT
Seoul,1,2,BROTHERHOOD,idl.global,0:37:18,@kunsyaman,beat em uppp
Seoul,2,1,1MILLION,idl.global,1:38:20,@vhs_dreams_yt,nah this is wild
Seoul,1,2,QUICK STYLE,idl.global,0:41:29,@UwU-on8kq,EHH
Seoul,2,1,1MILLION,idl.global,1:38:44,@tookakuidude1121,i love number 7 so muchhh
Seoul,1,1,ROYAL FAMILY,steezystudio,0:21:44,@oliviatokiohotel,NAH RF WILL WIN FAHHH OMDD
Seoul,1,3,1MILLION,idl.global,0:57:37,@ahmadfadhil7431,CLEAAANNNSSS
Seoul,1,2,QUICK STYLE,idl.global,0:41:44,@Sean_S_00,TOXIC MGA NON DANCERS DITO FEELING MAGALING
Seoul,2,1,BROTHERHOOD,steezystudio,1:38:11,@keiholic,IN SEOUL TOO????
Seoul,2,1,BROTHERHOOD,idl.global,1:34:27,@MJH977,YASS SAJAHOOD
Seoul,2,1,1MILLION,idl.global,1:38:52,@dumpiezzz,This good asf
Seoul,1,1,ROYAL FAMILY,idl.global,0:20:29,@seowonschiaseed,SONG CHOICE IS FIREE
Seoul,2,1,1MILLION,idl.global,1:38:04,@briannajean376,oh nah
Seoul,2,1,1MILLION,idl.global,1:38:45,@lourencediana5680,DO WE STILL NEED TO WATCH THIS? BROTHERHOOD ALREADY WON!!
Seoul,2,1,BROTHERHOOD,steezystudio,1:38:01,@kavoooo1,such a banger
Seoul,2,1,BROTHERHOOD,idl.global,1:35:16,@bea-ok3pl,ADRIANNN
Seoul,2,1,1MILLION,steezystudio,1:42:12,@kavoooo1,ooh
Seoul,1,2,QUICK STYLE,steezystudio,0:44:16,@itscjhernandez,Not strong
Seoul,1,2,BROTHERHOOD,idl.global,0:38:21,@jemsbiii,No new moves??
Seoul,1,2,QUICK STYLE,idl.global,0:41:37,@jangwonyoung1570,weak as callout
Seoul,1,2,BROTHERHOOD,idl.global,0:36:02,@RubyCrystal-u1y,ohhhh!!!!!!!!!
Seoul,2,1,1MILLION,idl.global,1:38:59,@takeyyshi,naangasan parin ako sa hat ng brhd :loudly_crying_face:
Seoul,2,1,BROTHERHOOD,idl.global,1:34:56,@arh1d3a,LMAOOOO YESSSSS
Seoul,1,2,QUICK STYLE,idl.global,0:40:16,@jairozkentbazarsoria2253,messy
Seoul,1,3,1MILLION,idl.global,0:56:37,@okp1763,DAMMNNNNNN
Seoul,1,3,JAM REPUBLIC,idl.global,1:01:56,@allisonkim8623,why did voting start
Sydney,1,3,ROYAL FAMILY,steezystudio,1:10:31,@kyllenavarro-n1e,easy sweap?
Seoul,1,3,1MILLION,idl.global,0:57:25,@Yuxinsrj,GAGGGGGG
Seoul,2,1,BROTHERHOOD,idl.global,1:33:31,@KeiSumiyoshi,WHATTTTTTTTTTTTTTTT
Seoul,1,3,JAM REPUBLIC,idl.global,1:01:51,@SeanEzra-zv2vf,LADY GAGAGAGGAGAAGGAGAGAGAGAGAGAGA
Seoul,2,1,BROTHERHOOD,idl.global,1:35:06,@shiryu1094,astiggg
Seoul,1,2,BROTHERHOOD,idl.global,0:37:18,@melissalin1713,DAYTOOOOOOOON
Seoul,2,1,BROTHERHOOD,idl.global,1:34:25,@kenjifd,GOD DAMNNNN BROOOO SWEAPPPP:double_exclamation_mark::double_exclamation_mark::double_exclamation_mark::double_exclamation_mark:
Seoul,1,1,GRV,idl.global,0:16:35,@yowzzz05,THEY'RE THROWING SHADE AT RD
Seoul,1,1,ROYAL FAMILY,idl.global,0:18:55,@whlskey,nice ads
Seoul,1,2,BROTHERHOOD,idl.global,0:38:13,@RuthieTaufa-f2u,:fire::fire::fire:
Seoul,1,3,1MILLION,idl.global,0:57:38,@heinzfel,YESSSS
Seoul,2,1,1MILLION,idl.global,1:38:41,@GlenCanillas,bh
Seoul,2,1,1MILLION,steezystudio,1:42:27,@rhiazze,i luv this song
Seoul,1,2,BROTHERHOOD,idl.global,0:36:16,@takeyyshi,OHSHI
Seoul,1,1,ROYAL FAMILY,idl.global,0:20:02,@vyanzee6,AYE333
Seoul,1,2,QUICK STYLE,idl.global,0:41:56,@kianzaiYT,maybe they want to win wuickstyle
Seoul,1,2,QUICK STYLE,idl.global,0:40:42,@lovie7347,ITS EUROEANNNN STYLE
Seoul,1,3,JAM REPUBLIC,idl.global,1:01:26,@nishimurr0,lady gaga too
Seoul,1,1,ROYAL FAMILY,steezystudio,0:23:52,@eggyroven,NOW THIS THE ROYAL CAMILY WEE KNOWWW
Seoul,1,3,1MILLION,steezystudio,1:01:16,@yofanboiii,AAAAAA
Seoul,2,1,BROTHERHOOD,idl.global,1:35:58,@Tepaneyy,THEY USEEE KOREANNN MUSIC BRUH YESSSSSSSSSSSSS
Seoul,1,1,GRV,steezystudio,0:18:48,@JacobLeggett,ads bro
Seoul,1,3,JAM REPUBLIC,idl.global,0:59:47,@oma1036,KAHIT ISA LANG JR SEA
Seoul,1,3,1MILLION,idl.global,0:56:57,@nevieluvs,ay wow holy song choice
Seoul,2,1,1MILLION,steezystudio,1:43:04,@klarzsenpaiii,abilijin
Seoul,2,1,BROTHERHOOD,idl.global,1:35:32,@patriciadesquitado871,They're not worried sa Round 1. HAHAHA. I know something's cooking for Round 2
Seoul,1,1,ROYAL FAMILY,idl.global,0:20:51,@kizuumi0420,THE DISSINGGG
Seoul,1,3,JAM REPUBLIC,steezystudio,1:04:50,@klarzsenpaiii,WOAH
Seoul,2,1,BROTHERHOOD,idl.global,1:34:28,@tealcushion,YESSS
Seoul,1,3,JAM REPUBLIC,idl.global,1:01:26,@---wy8zq,POKER FACE
Seoul,1,1,ROYAL FAMILY,idl.global,0:20:11,@kizuumi0420,herl the bass shakin the cam KJAHSDKJAHSDKHJASD
Seoul,1,3,1MILLION,idl.global,0:56:57,@justinequibod8,LECHE PANO PA SUSUNDAN YAN
Seoul,1,2,QUICK STYLE,idl.global,0:41:33,@ReVeLy-ez3qt,bh was way cleaner though
Seoul,1,3,1MILLION,idl.global,0:56:47,@kunsyaman,LEGIT BA JUDAS
Seoul,1,1,ROYAL FAMILY,steezystudio,0:23:35,@rafahgamez3703,holy arau
Seoul,2,1,ROYAL FAMILY,idl.global,1:30:02,@seowonschiaseed,1MMM
Seoul,1,1,GRV,idl.global,0:16:07,@wicked.c7212,hmmm
Seoul,1,1,GRV,idl.global,0:14:17,@davemagar8418,:medal-yellow-first-red::medal-yellow-first-red::medal-yellow-first-red::medal-yellow-first-red:
Seoul,1,2,BROTHERHOOD,idl.global,0:35:49,@terrencegustilo9591,Lets goo Brotherhood
Seoul,1,2,BROTHERHOOD,idl.global,0:37:12,@loraileys,OUUUU
Seoul,2,1,ROYAL FAMILY,idl.global,1:30:28,@mikehawk8744,Left side kinda messy
Seoul,2,1,BROTHERHOOD,idl.global,1:35:33,@---wy8zq,HOLY
Seoul,1,2,BROTHERHOOD,idl.global,0:36:17,@Riza-r1v,BROTHERHOOD DEVOUR THEM
Seoul,1,1,GRV,idl.global,0:15:35,@AKAGum00,damn
Seoul,2,1,BROTHERHOOD,idl.global,1:34:23,@shelleybutler-tx5hn,WOOOOOO
Seoul,1,2,QUICK STYLE,idl.global,0:41:18,@UwU-on8kq,WOAH\
Seoul,2,1,1MILLION,idl.global,1:38:56,@johndomingo7019,woooo\
Seoul,1,3,JAM REPUBLIC,idl.global,0:59:59,@TongkanKawayan,brotherhood:fire::fire:brotherhoodbrotherhood:fire::fire:brotherhood
Seoul,1,2,BROTHERHOOD,steezystudio,0:40:00,@elijahidl,HOLY CLEANNNN
Seoul,1,1,ROYAL FAMILY,idl.global,0:19:13,@AKAGum00,where is the energy??? both teams feel empty
Seoul,2,1,1MILLION,idl.global,1:38:05,@xshckwave,OH 1M ARE TAKING ITTT
Seoul,2,1,1MILLION,steezystudio,1:41:43,@sqxxx516,SPIDERMANNN
Seoul,1,2,QUICK STYLE,idl.global,0:40:28,@Sammy-uj1,THEY EATING
Seoul,2,1,BROTHERHOOD,idl.global,1:34:45,@ellieanagnostou7545,NAHHH RHIS IS TOO GOOD
Seoul,2,1,ROYAL FAMILY,idl.global,1:30:22,@ellieanagnostou7545,
Seoul,1,2,QUICK STYLE,idl.global,0:40:57,@Nicole_saplrn,yoo this fireee
Seoul,1,2,QUICK STYLE,idl.global,0:41:33,@WhyAmIHereYT,HAHAHAHAHAH STILL BH DAWG
Seoul,1,1,ROYAL FAMILY,steezystudio,0:23:03,@elenammorante,AYYYYYY
Seoul,1,1,GRV,idl.global,0:14:59,@johngabrielcadiz,RF!!!!
Seoul,1,3,JAM REPUBLIC,steezystudio,1:02:46,@klarzsenpaiii,letsee jam
Seoul,2,1,BROTHERHOOD,idl.global,1:34:25,@MariaLourdesSanoSolano,soooooo cleaaaannnnnnn
Seoul,1,2,QUICK STYLE,idl.global,0:41:02,@DNCharLeys,7-0
Seoul,1,2,QUICK STYLE,idl.global,0:40:02,@swiftie_33,its mid
Seoul,1,1,ROYAL FAMILY,idl.global,0:18:31,@patriciadesquitado871,Whoa
Seoul,2,1,1MILLION,idl.global,1:38:19,@Iris3cho,OMG
Seoul,1,2,QUICK STYLE,idl.global,0:39:32,@vensleepy,QUICKSTYLE
Seoul,1,2,BROTHERHOOD,idl.global,0:38:00,@firespear2557,I EXPECTED MORE BROTHERHOOD................
Seoul,1,1,ROYAL FAMILY,idl.global,0:20:36,@KurtczackToledo,HOLLY CALLOUYTTTTT
Seoul,1,3,1MILLION,idl.global,0:58:02,@kzeeexc_3575,linis
Seoul,2,1,BROTHERHOOD,idl.global,1:35:44,@Anastasia-rt4mi,Owww
Seoul,1,3,1MILLION,idl.global,0:58:08,@jam_bornel,Domain expansion
Seoul,2,1,BROTHERHOOD,idl.global,1:34:24,@vaughnbon_12,NAHHHHHH
Seoul,1,3,JAM REPUBLIC,idl.global,1:00:19,@leocosmos5444,wala 1m toh
Seoul,1,1,GRV,idl.global,0:15:29,@vahnyk,yoooo
Seoul,1,3,JAM REPUBLIC,idl.global,0:59:45,@T818-s6d,JR LETS GOOOOOOOOOOO
Seoul,1,1,GRV,idl.global,0:16:38,@karlmarx1st,BULOK NA NAPPRESSURE NA SILA INGAY NIYO KASI E
Seoul,1,3,JAM REPUBLIC,idl.global,1:00:52,@kylebandiola,lagggggg
Seoul,1,3,JAM REPUBLIC,idl.global,1:00:41,@MotivatedPotatoKnish,@lanzesperanza1073 YESS
Seoul,2,1,ROYAL FAMILY,idl.global,1:30:39,@yukaaa3212,DANG
Seoul,1,3,JAM REPUBLIC,idl.global,1:00:30,@enashinoo,VOTE FOR JAMM
Seoul,1,2,BROTHERHOOD,idl.global,0:37:09,@kunsyaman,GENDER REVEAL
Seoul,1,2,QUICK STYLE,idl.global,0:41:24,@melissalin1713,YOOOO
Seoul,2,1,1MILLION,idl.global,1:38:08,@kunsyaman,strong start
Seoul,1,3,JAM REPUBLIC,idl.global,1:00:37,@UwU-on8kq,LAG
Seoul,2,1,1MILLION,idl.global,1:39:34,@takeyyshi,nailedddd
Seoul,2,1,ROYAL FAMILY,idl.global,1:30:40,@DJJD17,wowwwwwwwwww
Seoul,1,2,QUICK STYLE,idl.global,0:42:01,@vahnyk,brhd sweeps
Seoul,2,1,BROTHERHOOD,idl.global,1:34:03,@guuuu7j7654,OMGGGGG
Seoul,1,1,ROYAL FAMILY,idl.global,0:20:30,@tookakuidude1121,damnnnnnnnnnnnnnnnnnnnnn
Seoul,1,3,1MILLION,idl.global,0:57:31,@shanna9821,Ohhhh
Seoul,2,1,BROTHERHOOD,idl.global,1:35:21,@Anastasia-rt4mi,BHhh
Seoul,1,3,1MILLION,idl.global,0:57:11,@TongkanKawayan,brotherhood:fire::fire:brotherhoodbrotherhood:fire::fire:
Seoul,1,2,BROTHERHOOD,idl.global,0:36:01,@justagalwholovesdance,QUICKSTYLE IS COOKED
Seoul,1,3,1MILLION,idl.global,0:56:03,@wicked.c7212,lexxxgo 1Million :white_heart::white_heart:
Seoul,1,2,QUICK STYLE,idl.global,0:41:00,@neilcodm6201,7-0
Seoul,2,1,ROYAL FAMILY,idl.global,1:31:22,@roselynronquillo853,they feel so new and freshh!!
Seoul,1,3,JAM REPUBLIC,idl.global,0:59:48,@eljhanzu,BROTHERHOOD ON TOPBROTHERHOOD ON TOPBROTHERHOOD ON TOPBROTHERHOOD ON TOPBROTHERHOOD ON TOPBROTHERHOOD ON TOPBROTHERHOOD ON TOPBROTHERHOOD ON TOPBROTHERHOOD ON TOPBROTHERHOOD ON TOPBROTHERHOOD ON TOP
Seoul,1,2,QUICK STYLE,idl.global,0:42:00,@mathyunghyunsukieee3957,i think Brotherhood just match the vibe of quickstyle :rolling_on_the_floor_laughing: that's why it looks like a warm up
Seoul,1,1,GRV,idl.global,0:16:35,@shounayuno,wow clean combo
Seoul,2,1,BROTHERHOOD,idl.global,1:33:34,@oratricemechaniquedeanalyse,SAJA-HOOD!!!!!
Seoul,2,1,BROTHERHOOD,idl.global,1:35:37,@mariyasaphirabugna2389,FORMATIONS' CRAZYYY BRAAAAAA
Seoul,2,1,ROYAL FAMILY,steezystudio,1:34:05,@kavoooo1,oohhhhh
Seoul,2,1,BROTHERHOOD,steezystudio,1:37:27,@nikkisimbillo,oooooo
Seoul,2,1,BROTHERHOOD,idl.global,1:33:40,@Rhinnoeee,Let's gooooo!!!!!
Seoul,1,3,JAM REPUBLIC,idl.global,1:00:31,@jjjjjjjoshu,AAAAYYYYYYYYYY
Seoul,2,1,BROTHERHOOD,idl.global,1:36:00,@judeemmanuelgellor3961,:crown::crown::crown::crown::crown::crown::crown::crown::crown:
Seoul,2,1,1MILLION,steezystudio,1:42:19,@ImFeja,Hard song to dance to
Seoul,1,2,QUICK STYLE,idl.global,0:41:03,@MeltonLagrimas,pangit :grinning_squinting_face:hahahaha joke
Seoul,2,1,BROTHERHOOD,idl.global,1:35:30,@Yuxinsrj,DAYUM EATTTTT
Seoul,2,1,BROTHERHOOD,idl.global,1:34:46,@takeyyshi,this is so cool
Seoul,1,3,JAM REPUBLIC,steezystudio,1:03:37,@klarzsenpaiii,why tf does they have the similar music lmaoo
Seoul,1,1,GRV,idl.global,0:15:02,@connellyzdiaz4529,letssss goooo royalll fammmmm
Seoul,1,1,ROYAL FAMILY,idl.global,0:19:09,@realorencatayoc2728,Wowwwwoww rf
Seoul,1,2,QUICK STYLE,idl.global,0:41:50,@pandapower9959,oh this is nice
Seoul,2,1,BROTHERHOOD,idl.global,1:34:40,@KeiSumiyoshi,HOLLYYYYY
Seoul,1,2,BROTHERHOOD,idl.global,0:38:11,@hyunjinswife2248,"TAHIMIK KORYAN FANS, RESERVED SIGAW NILA SA 1M"
Seoul,2,1,1MILLION,idl.global,1:38:49,@mathyunghyunsukieee3957,WALA NA BRHD NA TALAGA :rolling_on_the_floor_laughing:
Seoul,2,1,BROTHERHOOD,idl.global,1:34:54,@vahnyk,eyyy
Seoul,2,1,BROTHERHOOD,idl.global,1:34:57,@notkat_vlogs,LAGGGGG
Seoul,1,3,1MILLION,idl.global,0:57:14,@ifskate420,GAGGAA
Seoul,1,1,ROYAL FAMILY,idl.global,0:20:46,@abigksukaadureenn,DAWGGGG IM HAVING GOOSEBUMPS
Seoul,1,3,1MILLION,idl.global,0:57:31,@jeanie5711,GRABEEE
Seoul,2,1,1MILLION,idl.global,1:39:56,@miguelpondevida9238,What is this we are charlie kirk sounding ass song
Seoul,1,2,QUICK STYLE,idl.global,0:40:13,@UwU-on8kq,EATING
Seoul,1,2,QUICK STYLE,idl.global,0:41:13,@zoer.xo03,THE SHADE
Seoul,2,1,ROYAL FAMILY,idl.global,1:31:24,@ken-l1p8u,oh shii
Seoul,1,3,1MILLION,idl.global,0:57:02,@kenjifd,BROOO NGL THEY'RE GOOODD
Seoul,1,2,QUICK STYLE,idl.global,0:42:11,@jaminpascual5560,The idea is there but ngl it’s not clean and you can tell they are trying something new :grimacing_face: BRHD was def going easy on them
Seoul,1,2,BROTHERHOOD,steezystudio,0:38:50,@CharlesSaldasal-n5c,damnnn
Seoul,2,1,BROTHERHOOD,idl.global,1:35:15,@vahnyk,3YYYY
Seoul,1,2,BROTHERHOOD,idl.global,0:36:53,@UwU-on8kq,FACIALSSSS
Seoul,1,1,GRV,idl.global,0:15:33,@DnRaven,RIVER NOVIN!!!
Seoul,1,3,1MILLION,idl.global,0:58:35,@bpinkbit,IM OBSESSED
Seoul,1,2,BROTHERHOOD,idl.global,0:35:53,@karlmarx1st,up vs ateneo
Seoul,1,1,ROYAL FAMILY,idl.global,0:18:40,@sinnombre2r345,grrat song choice
Seoul,1,1,ROYAL FAMILY,idl.global,0:20:47,@JeCzar,WOAHH
Seoul,1,1,GRV,idl.global,0:15:19,@derin8953,lezgoo
Seoul,2,1,1MILLION,idl.global,1:38:37,@7valeritha,naaaah brotherhood ateeee
Seoul,1,2,BROTHERHOOD,idl.global,0:35:54,@jeido_zzz,ELDON IN FRON
Seoul,2,1,BROTHERHOOD,idl.global,1:35:56,@Kayabread,SHITTTTT:fire::fire:
Seoul,2,1,BROTHERHOOD,steezystudio,1:37:30,@jaeiou_,AHHHH I'M WETT
Seoul,1,3,1MILLION,steezystudio,1:00:41,@klarzsenpaiii,STARTING OFF WITH A BANGER
Seoul,1,1,GRV,idl.global,0:14:30,@connellyzdiaz4529,goodluck t bothj x
Seoul,1,1,GRV,idl.global,0:15:43,@TheGrifhinx,... shit
Seoul,2,1,1MILLION,idl.global,1:37:41,@bea-ok3pl,IF BROTHERHOOD DOESNT WIN IM SPOILING THE NEW SPIDERMAN MOVIE
Seoul,2,1,BROTHERHOOD,idl.global,1:34:22,@mariyasaphirabugna2389,HWHSGDHAHDGSHSHSHHAHS
Seoul,1,1,GRV,idl.global,0:16:16,@RubyCrystal-u1y,crowd silent as helll
Seoul,1,1,GRV,idl.global,0:16:32,@ayakasimp6217,camera works is greate this time huh!
Seoul,1,3,1MILLION,idl.global,0:56:22,@ohhtris,JAM REPUBLIC
Seoul,1,2,BROTHERHOOD,idl.global,0:35:52,@frannymalzar,LETS GOOOOOOO
Seoul,2,1,1MILLION,steezystudio,1:43:16,@kavoooo1,this song is ass but the choreography is good
Seoul,2,1,1MILLION,idl.global,1:39:52,@roselynronquillo853,THEY MIGHT WIN
Seoul,1,2,QUICK STYLE,idl.global,0:41:46,@mikehawk8744,Lol
Seoul,1,3,JAM REPUBLIC,idl.global,0:59:44,@axelteftutul4147,agenda
Seoul,1,1,ROYAL FAMILY,idl.global,0:18:09,@angelotzy2518,lezz gooooo
Seoul,1,3,1MILLION,idl.global,0:58:07,@TongkanKawayan,wbrotherhood:fire::fire:brotherhoodbrotherhood:fire::fire:
Seoul,2,1,BROTHERHOOD,idl.global,1:34:16,@klayshana,omg Saja Boys :red_heart:
Seoul,2,1,ROYAL FAMILY,idl.global,1:30:57,@swaragopal,OUU SHII
Seoul,1,2,QUICK STYLE,idl.global,0:39:21,@whlskey,they did quickstyle
Seoul,1,3,1MILLION,idl.global,0:56:51,@JhonPaulFlores-y9q,binuhay ang jusas ni lady gaga
Seoul,1,3,JAM REPUBLIC,idl.global,0:59:47,@MJH977,Oh
Seoul,1,2,BROTHERHOOD,steezystudio,0:40:27,@sunakochan466,Aye
Seoul,1,2,QUICK STYLE,idl.global,0:41:42,@kevinbriang.garcia6398,AHHHHH
Seoul,2,1,BROTHERHOOD,idl.global,1:35:18,@clairebond7726,Bro no way
Seoul,1,1,ROYAL FAMILY,idl.global,0:20:25,@PRINCEJACOBOPACO,DAMANNNNNN
Seoul,2,1,1MILLION,idl.global,1:39:25,@ca.a.,BROTHERHOOD
Seoul,2,1,1MILLION,idl.global,1:39:22,@joshuapilapil9805,DAMN
Seoul,1,3,JAM REPUBLIC,steezystudio,1:04:22,@klarzsenpaiii,THE MASK
Seoul,2,1,1MILLION,idl.global,1:38:10,@swaragopal,EVETOE IS DONE
Seoul,2,1,ROYAL FAMILY,steezystudio,1:33:01,@kavoooo1,let's goooo
Seoul,1,3,JAM REPUBLIC,idl.global,1:01:03,@kttryx,what is that
Seoul,2,1,1MILLION,idl.global,1:37:57,@Tepaneyy,HELL NAHHHH
Seoul,1,1,ROYAL FAMILY,idl.global,0:19:52,@seowonschiaseed,danggg
Seoul,2,1,BROTHERHOOD,idl.global,1:34:26,@potatotots,CMONNNNNN
Seoul,1,2,QUICK STYLE,idl.global,0:42:17,@cdn.igrisss,the music choice kind ehh yk
Seoul,2,1,1MILLION,idl.global,1:39:24,@Bitcxbed,zamn
Seoul,1,3,1MILLION,idl.global,0:58:04,@ayen_cat04,LOVE ITTT
Seoul,1,2,BROTHERHOOD,idl.global,0:37:21,@Kyle-108,
Seoul,1,1,ROYAL FAMILY,idl.global,0:18:53,@lucien_friess,nahhh they cold
Seoul,1,3,1MILLION,idl.global,0:57:09,@Johnvzsa,SHETSHARON
Seoul,2,1,ROYAL FAMILY,idl.global,1:31:48,@kite4804,OH SHIT
Seoul,1,2,QUICK STYLE,idl.global,0:42:07,@neilcodm6201,nah this is not it
Seoul,1,3,JAM REPUBLIC,idl.global,1:00:36,@czyrinetorres6887,same sonh
Seoul,1,2,QUICK STYLE,idl.global,0:40:42,@justinjusto30,NOT SYNCCCC
Seoul,1,3,1MILLION,idl.global,0:58:36,@hyunjinswife2248,easy win
Seoul,1,2,BROTHERHOOD,steezystudio,0:40:27,@ehtwmz,the camerawork is much better this series
Seoul,2,1,1MILLION,idl.global,1:38:13,@whois_kenz,lowkey messy
Seoul,2,1,BROTHERHOOD,idl.global,1:35:30,@AnaPopescu-x1y,THEY ATE THAT
Seoul,1,3,1MILLION,steezystudio,1:01:15,@ThuTaFP-c9z,Nice Party
Seoul,1,2,BROTHERHOOD,idl.global,0:36:33,@Kyle-108,
Seoul,2,1,1MILLION,idl.global,1:39:23,@vmese,bro they're eatingg
Seoul,1,3,1MILLION,idl.global,0:58:02,@Rhinnoeee,yeahghhhh!!!!1
Seoul,2,1,1MILLION,idl.global,1:38:48,@bea-ok3pl,good but brotherhood cooked
Seoul,1,3,1MILLION,idl.global,0:57:10,@Seijiiiii_0,FIREE
Seoul,1,2,QUICK STYLE,idl.global,0:42:19,@Anagnxstou,Brhd were wayyyy cleaner
Seoul,1,1,GRV,idl.global,0:16:35,@taliabailey6015,:fire::fire::fire::fire:
Seoul,1,2,QUICK STYLE,idl.global,0:40:11,@RiyaManmode,ttok the fan vote alreadyy
Seoul,2,1,1MILLION,idl.global,1:37:26,@wellviewstories,1M VS BRH
Seoul,1,2,QUICK STYLE,idl.global,0:40:51,@Rahkiroad,dissed
Seoul,2,1,BROTHERHOOD,idl.global,1:35:07,@Tepaneyy,HELL NAHHHHHHHHH
Seoul,2,1,1MILLION,idl.global,1:38:42,@hshszzi,WOAHHY
Seoul,1,2,QUICK STYLE,idl.global,0:41:27,@terrencegustilo9591,"Ok i take back what i said, Brotherhood got this"
Seoul,1,3,JAM REPUBLIC,idl.global,0:59:48,@seanzee-zc1pe,MOTHER IS MOTHERING LIA KIM
Seoul,1,2,QUICK STYLE,idl.global,0:42:07,@xaroulaspanou,thats...not it
Seoul,2,1,ROYAL FAMILY,idl.global,1:30:30,@loraileys,okkkk
Sydney,1,3,BROTHERHOOD,steezystudio,1:14:37,@JCFE,EAT EM UPPPP
Seoul,2,1,ROYAL FAMILY,idl.global,1:30:02,@UwU-on8kq,ouhhh shiii
Seoul,1,3,JAM REPUBLIC,idl.global,1:00:14,@pieceofdoe,Ohhhh
Seoul,1,3,JAM REPUBLIC,steezystudio,1:04:32,@lauren_yy,THE CALL OUTS????
Seoul,1,1,ROYAL FAMILY,idl.global,0:20:04,@peewwiii,L
Seoul,1,1,ROYAL FAMILY,idl.global,0:18:16,@takeyyshi,crowd dead af
Seoul,1,3,1MILLION,idl.global,0:57:18,@double_roses,See what the crowd is capable of????????????
Seoul,1,1,GRV,idl.global,0:16:06,@BlessieVentigan-b6s,eyyyyyyy
Seoul,1,1,ROYAL FAMILY,idl.global,0:18:09,@Migszxh,that's so insane
Seoul,1,1,ROYAL FAMILY,idl.global,0:18:16,@encrts,the calloutttt
Seoul,2,1,1MILLION,idl.global,1:39:23,@hshszzi,"WEAKK JUST KIDDING, THIS IS SOO PEAKKKKKKK"
Seoul,1,1,GRV,steezystudio,0:19:58,@kc-un7by,boring
Seoul,1,3,1MILLION,idl.global,0:57:25,@ninojamessuson2553,im satttt!!!
Seoul,1,3,JAM REPUBLIC,idl.global,1:00:08,@takeyyshi,HOLYY
Seoul,1,2,QUICK STYLE,idl.global,0:41:48,@frannymalzar,i fear this will be a close call later
Seoul,1,2,QUICK STYLE,idl.global,0:39:39,@cakebatter012,OUUUU
Seoul,2,1,BROTHERHOOD,idl.global,1:33:41,@Kayabread,Ya bruh tt stream ended
Seoul,1,3,1MILLION,idl.global,0:57:10,@Themushroomball,ENERGYYYY
Seoul,1,2,QUICK STYLE,idl.global,0:41:34,@takeyyshi,ion know
Seoul,1,1,GRV,idl.global,0:15:40,@arh1d3a,HEEEEEEELL YEAH
Seoul,1,3,1MILLION,idl.global,0:56:44,@maddymilano,OKAYYY
Seoul,2,1,BROTHERHOOD,idl.global,1:33:43,@takeyyshi,dang
Seoul,1,1,ROYAL FAMILY,idl.global,0:18:06,@jisyng,i dont get the hype at all
Seoul,2,1,1MILLION,idl.global,1:37:41,@LucasPasig,EW
Seoul,1,1,ROYAL FAMILY,idl.global,0:18:27,@seowonschiaseed,RFRFRFRFRFRFRFRFRFRFRFRFRF
Seoul,1,3,JAM REPUBLIC,idl.global,1:01:35,@reignlawrenceantonio9101,jrSEAAAAAAA
Seoul,2,1,1MILLION,idl.global,1:39:00,@vqyzna,HOLLYYYYYY 1M
Seoul,1,2,QUICK STYLE,idl.global,0:42:18,@DaveGarcia-n8z,BRHD AT ROUND 2 : :skull::skull::skull::skull:
Seoul,2,1,1MILLION,idl.global,1:37:45,@nishimurr0,dang spider
Seoul,2,1,BROTHERHOOD,idl.global,1:35:20,@yukaaa3212,DAMM
Seoul,1,2,QUICK STYLE,idl.global,0:39:27,@Anagnxstou,COME ON BRHD
Seoul,1,3,JAM REPUBLIC,steezystudio,1:04:38,@ArmyZenTiny4Lyfe,thats what i was gonna say. they use the same music? good to see different interpretations
Seoul,2,1,BROTHERHOOD,idl.global,1:35:48,@Mavisymra,OH HELLLLL
Seoul,1,1,ROYAL FAMILY,idl.global,0:18:49,@xeiyano,SONG CHOICEEEE
Seoul,2,1,BROTHERHOOD,idl.global,1:34:23,@ellieanagnostou7545,GOOOOO BROTHERHOODD
Seoul,1,2,QUICK STYLE,idl.global,0:40:42,@cenamoncenamobuns,SO SHAPR
Seoul,2,1,ROYAL FAMILY,idl.global,1:29:40,@kunsyaman,LESGO GRINDR VS MOVEIT VS SHEIN
Seoul,1,3,JAM REPUBLIC,steezystudio,1:05:07,@eggyroven,HOLD UPPPPPP
Seoul,1,1,ROYAL FAMILY,idl.global,0:20:00,@jeido_zzz,mid
